file_name,pred_eform,true_eform,material_id,e_hull,true_label,pred_label
mp-5547.cif,-3.2836537,-3.0149078,mp-5547,0.0003983200000066134,Stable,Stable
mp-569787.cif,-0.06617818,-0.103533454,mp-569787,0.0,Stable,Stable
mp-722262.cif,-2.6214247,-2.4951217,mp-722262,0.0,Stable,Stable
mp-1103082.cif,-0.40888244,-0.27345648,mp-1103082,0.0309605641666586,Stable,Stable
mp-777272.cif,-2.5505142,-2.4432101,mp-777272,0.06324272838888945,Stable,Stable
mp-780665.cif,-2.4685116,-2.3965094,mp-780665,0.09148726160156961,Stable,Stable
mp-1189409.cif,-0.8333106,-0.6099257,mp-1189409,0.14231309246527601,Stable,Stable
mp-622018.cif,-1.9495751,-1.8199804,mp-622018,0.0,Stable,Stable
mp-1226531.cif,-0.9562932,-0.72206336,mp-1226531,0.08390062499999296,Stable,Stable
mp-1212487.cif,-3.9732637,-3.5095952,mp-1212487,0.01294439160867178,Stable,Stable
mp-1202491.cif,-1.492671,-1.0238129,mp-1202491,0.5689560303571408,Stable,Stable
mp-1192801.cif,-1.2300096,-0.98081803,mp-1192801,0.7038134528846172,Stable,Stable
mp-1236349.cif,-2.699349,-2.4838436,mp-1236349,0.22986412641427556,Stable,Stable
mp-8874.cif,-3.1179428,-2.9723275,mp-8874,0.005259894880951244,Stable,Stable
mp-1226273.cif,-0.25676125,-0.24550584,mp-1226273,0.10674990729167,Stable,Stable
mp-781865.cif,-1.4429045,-1.111061,mp-781865,0.036000220076922496,Stable,Stable
mp-779303.cif,-2.582186,-2.484444,mp-779303,0.027800654734043917,Stable,Stable
mp-772223.cif,-2.3635187,-2.3105226,mp-772223,0.027317408124996945,Stable,Stable
mp-802705.cif,-2.2428794,-2.0109653,mp-802705,0.32254502454226675,Stable,Stable
mp-849622.cif,-2.254921,-2.2318265,mp-849622,0.0761021971428626,Stable,Stable
mp-8631.cif,-0.87535393,-0.5565932,mp-8631,0.0,Stable,Stable
mp-1078935.cif,-0.023754992,0.19497456,mp-1078935,0.21537653127604095,Unstable,Stable
mp-770280.cif,-2.6110184,-2.4897974,mp-770280,0.008981870789476432,Stable,Stable
mp-8891.cif,-3.210198,-2.981602,mp-8891,0.0,Stable,Stable
mp-1105426.cif,-0.40891844,-0.37764406,mp-1105426,0.03767828999999967,Stable,Stable
mp-1225353.cif,-0.48164368,-0.3553017,mp-1225353,0.02298431716666549,Stable,Stable
mp-721727.cif,-1.5410669,-1.512985,mp-721727,0.0086295122548945,Stable,Stable
mp-555447.cif,-3.2365665,-3.0945735,mp-555447,0.0,Stable,Stable
mp-571410.cif,-1.543639,-1.2929949,mp-571410,0.0,Stable,Stable
mp-759456.cif,-2.556344,-2.3261971,mp-759456,0.09260736026667082,Stable,Stable
mp-1106002.cif,-0.61545765,-0.43941864,mp-1106002,0.003865146818178289,Stable,Stable
mp-779307.cif,-2.5125742,-2.2076366,mp-779307,0.27811198354166944,Stable,Stable
mp-1031939.cif,-2.6637588,-2.537828,mp-1031939,0.525816162519094,Stable,Stable
mp-1206441.cif,-0.9385952,-0.87483156,mp-1206441,0.0,Stable,Stable
mp-1195799.cif,-2.4065886,-2.2586365,mp-1195799,0.025064175641022146,Stable,Stable
mp-766536.cif,-2.5648587,-2.4756806,mp-766536,0.03563328535715016,Stable,Stable
mp-759129.cif,-2.3044586,-2.2836545,mp-759129,0.05203081047917202,Stable,Stable
mp-1180411.cif,-2.017828,-1.5592821,mp-1180411,0.5367161626470587,Stable,Stable
mp-1197233.cif,-0.6065426,-0.6189171,mp-1197233,0.0,Stable,Stable
mp-28040.cif,-0.112279005,-0.2064069,mp-28040,0.0,Stable,Stable
mp-1202817.cif,-1.6859587,-1.334298,mp-1202817,0.8014784837137681,Stable,Stable
mp-1210705.cif,-3.0628328,-2.7566411,mp-1210705,0.05688584999999691,Stable,Stable
mp-14972.cif,-3.4825828,-3.282307,mp-14972,0.0,Stable,Stable
mp-24266.cif,-1.4333556,-1.1881799,mp-24266,0.012006669583331409,Stable,Stable
mp-777232.cif,-2.4605045,-2.255638,mp-777232,0.09490772734374975,Stable,Stable
mp-849613.cif,-2.5536625,-2.4746616,mp-849613,0.036652300928578185,Stable,Stable
mp-1181327.cif,-0.17927855,-0.2016397,mp-1181327,0.028980388749999975,Stable,Stable
mp-776558.cif,-2.5296617,-2.4720483,mp-776558,0.03926559735714896,Stable,Stable
mp-1209993.cif,-0.55735683,-0.2962353,mp-1209993,0.06851727337878977,Stable,Stable
mp-1017230.cif,0.15639992,0.21319683,mp-1017230,0.2915846737499992,Unstable,Unstable
mp-1077125.cif,-0.034350626,0.22311997,mp-1077125,0.2503226075347218,Unstable,Stable
mp-16699.cif,-2.9963174,-2.8079941,mp-16699,0.0029604976315793508,Stable,Stable
mp-570060.cif,-1.2624128,-0.9482681,mp-570060,0.0,Stable,Stable
mp-1077270.cif,-0.80369794,-0.6822138,mp-1077270,0.0,Stable,Stable
mp-1173570.cif,-3.1554163,-2.8386135,mp-1173570,0.40925533553846094,Stable,Stable
mp-1238027.cif,-0.010604858,0.013106333,mp-1238027,0.35489781744444393,Unstable,Stable
mp-1203945.cif,-0.56568,-0.3895794,mp-1203945,0.01544549450245647,Stable,Stable
mp-505720.cif,-0.8047649,-0.61615855,mp-505720,0.0,Stable,Stable
mp-13854.cif,-0.36239558,-0.3524967,mp-13854,0.0,Stable,Stable
mp-1103613.cif,0.3051498,0.24769391,mp-1103613,0.34287036097222234,Unstable,Unstable
mp-15607.cif,-0.3708703,-0.28457034,mp-15607,0.14494340400000105,Stable,Stable
mp-1216773.cif,-0.536263,-0.40690017,mp-1216773,0.017144168735655718,Stable,Stable
mp-1219416.cif,-0.9668951,-0.6304618,mp-1219416,0.011271204285711711,Stable,Stable
mp-1214905.cif,-0.031816565,0.111161515,mp-1214905,0.3010312455448281,Unstable,Stable
mp-1194338.cif,-3.0945306,-3.0456345,mp-1194338,0.0,Stable,Stable
mp-1178675.cif,-1.5176395,-1.4419864,mp-1178675,0.49084815009614857,Stable,Stable
mp-1194737.cif,-0.33197343,-0.3382944,mp-1194737,0.054231955104158125,Stable,Stable
mp-1226393.cif,-0.30191955,-0.235798,mp-1226393,0.011036494024992294,Stable,Stable
mp-570823.cif,-0.74347794,-0.8903813,mp-570823,0.0,Stable,Stable
mp-4710.cif,-1.5958374,-1.663842,mp-4710,0.0,Stable,Stable
mp-756194.cif,-3.4943132,-3.3171072,mp-756194,0.0876118282200018,Stable,Stable
mp-1190619.cif,-0.5867819,-0.47831446,mp-1190619,0.0,Stable,Stable
mp-3591.cif,-0.9545809,-0.6962872,mp-3591,0.0,Stable,Stable
mp-1209317.cif,-2.513511,-2.4296422,mp-1209317,0.04004284766667787,Stable,Stable
mp-1200259.cif,-2.4698899,-2.0897484,mp-1200259,0.5590842024088456,Stable,Stable
mp-771158.cif,-3.2623498,-3.1415675,mp-771158,0.0,Stable,Stable
mp-1196163.cif,-0.15253076,-0.1430449,mp-1196163,0.10040620803571176,Stable,Stable
mp-1216692.cif,-1.0576135,-0.91219604,mp-1216692,0.0,Stable,Stable
mp-1199160.cif,-2.5418706,-2.4850278,mp-1199160,0.08793567209523623,Stable,Stable
mp-1026415.cif,0.28555697,0.2313394,mp-1026415,0.3353462289062503,Unstable,Unstable
mp-1095722.cif,4.02193,2.9604604,mp-1095722,3.2145271466666667,Unstable,Unstable
mp-1100989.cif,-3.2306921,-2.8987508,mp-1100989,0.4196403478942301,Stable,Stable
mp-1204932.cif,-1.809333,-1.3380805,mp-1204932,0.48289376960937336,Stable,Stable
mp-568384.cif,0.15923981,0.020847607,mp-568384,0.9076439600000015,Unstable,Unstable
mp-631568.cif,1.1728941,0.84542084,mp-631568,0.9112557830999997,Unstable,Unstable
mp-1177892.cif,-2.2007594,-2.0662422,mp-1177892,0.10267231411763778,Stable,Stable
mp-769061.cif,-2.1026886,-1.6423578,mp-769061,0.4108411457894734,Stable,Stable
mp-3268.cif,-0.6140641,-0.5301658,mp-3268,0.0,Stable,Stable
mp-782643.cif,-2.5566735,-2.480427,mp-782643,0.030886772214293146,Stable,Stable
mp-27245.cif,-0.5870777,-0.8584036,mp-27245,0.0,Stable,Stable
mp-1207798.cif,-2.1569672,-1.7210621,mp-1207798,0.0,Stable,Stable
mp-15722.cif,-0.46550274,-0.39006296,mp-15722,0.016644037142857115,Stable,Stable
mp-1191933.cif,-0.70399344,-0.4866494,mp-1191933,0.03180485249999343,Stable,Stable
mp-1025024.cif,-0.92901963,-0.76334834,mp-1025024,0.024255737333337635,Stable,Stable
mp-558293.cif,-2.922403,-2.8061807,mp-558293,0.0,Stable,Stable
mp-37722.cif,-0.7293816,-0.4542971,mp-37722,0.0,Stable,Stable
mp-1207853.cif,-2.1147418,-2.088319,mp-1207853,0.16873751555555572,Stable,Stable
mp-1226228.cif,-0.52622813,-0.42647502,mp-1226228,0.04088871562499996,Stable,Stable
mp-1106191.cif,-0.7107328,-0.5676429,mp-1106191,0.0,Stable,Stable
mp-1227197.cif,-0.0022236705,-0.06037407,mp-1227197,0.00833789963235354,Stable,Stable
mp-1199150.cif,-3.5308185,-3.3246944,mp-1199150,0.02300732175346276,Stable,Stable
mp-504714.cif,-2.4441347,-2.3620875,mp-504714,0.0,Stable,Stable
mp-10853.cif,-0.57716775,-0.49095276,mp-10853,0.0,Stable,Stable
mp-1219654.cif,-0.7155062,-0.51881576,mp-1219654,0.020519523125003047,Stable,Stable
mp-1105065.cif,-0.37609035,-0.3354597,mp-1105065,0.07149759041666837,Stable,Stable
mp-1224887.cif,-0.22581756,-0.21030968,mp-1224887,0.04601265249999997,Stable,Stable
mp-558805.cif,-2.9550414,-2.799581,mp-558805,0.0,Stable,Stable
mp-2931468.cif,-0.55413425,-0.22920151,mp-2931468,0.003638426089741742,Stable,Stable
mp-27893.cif,-0.2977619,-0.22686155,mp-27893,0.12790360487878605,Stable,Stable
mp-972839.cif,-0.9440392,-0.9995802,mp-972839,1.908972559312498,Stable,Stable
mp-1201689.cif,-0.69348323,-0.4385723,mp-1201689,0.003091421500005076,Stable,Stable
mp-30148.cif,-0.3240978,-0.16350679,mp-30148,0.5429827012500006,Stable,Stable
mp-20193.cif,-0.6224714,-0.48229063,mp-20193,0.0,Stable,Stable
mp-1200414.cif,-0.5353479,-0.38351268,mp-1200414,0.0,Stable,Stable
mp-21100.cif,-2.4344344,-2.3414187,mp-21100,0.0,Stable,Stable
mp-17236.cif,-0.46564555,-0.31109524,mp-17236,0.0,Stable,Stable
mp-554184.cif,-3.144052,-2.946118,mp-554184,0.016916169845679008,Stable,Stable
mp-29846.cif,-1.9703455,-1.837107,mp-29846,0.0,Stable,Stable
mp-6188.cif,-0.87719154,-0.565181,mp-6188,0.0,Stable,Stable
mp-4674.cif,-1.8738797,-1.7526937,mp-4674,0.0,Stable,Stable
mp-1203788.cif,-0.15146294,-0.20766824,mp-1203788,0.18176153339285683,Stable,Stable
mp-1344419.cif,-1.9722705,-1.2695696,mp-1344419,1.2398420583695602,Stable,Stable
mp-1035075.cif,-3.0918407,-2.7577536,mp-1035075,0.1884017265104161,Stable,Stable
mp-766488.cif,-2.5939858,-2.4230795,mp-766488,0.09528249879259842,Stable,Stable
mp-757684.cif,-2.245109,-2.2303088,mp-757684,0.07761992357143477,Stable,Stable
mp-1639.cif,-1.4916623,-1.335625,mp-1639,0.07735396750000056,Stable,Stable
mp-1031185.cif,-2.655237,-2.3603978,mp-1031185,0.4709547496410238,Stable,Stable
mp-14481.cif,-0.6359055,-0.57872695,mp-14481,0.014351356944446003,Stable,Stable
mp-1191987.cif,-0.7279464,-0.6134154,mp-1191987,0.0,Stable,Stable
mp-770910.cif,-2.6947985,-2.5328321,mp-770910,0.024560782916666746,Stable,Stable
mp-558794.cif,-1.4467391,-1.4208511,mp-558794,0.049892489285713104,Stable,Stable
mp-5861.cif,-0.10988406,-0.120417625,mp-5861,0.0,Stable,Stable
mp-1247817.cif,-0.29173726,-0.0048939977,mp-1247817,0.3965931464285717,Stable,Stable
mp-1217462.cif,-0.60216707,-0.54487956,mp-1217462,0.05507084692592645,Stable,Stable
mp-893087.cif,-2.40097,-2.1445966,mp-893087,0.36671735007143536,Stable,Stable
mp-1067451.cif,3.7931767,4.101525,mp-1067451,4.517767709090908,Unstable,Unstable
mp-1199093.cif,-0.7884412,-0.52675545,mp-1199093,0.02956294370270207,Stable,Stable
mp-2653.cif,-1.6126807,-1.3182749,mp-2653,0.09470411999999939,Stable,Stable
mp-1219420.cif,-2.2498457,-2.1964793,mp-1219420,0.11430820550128917,Stable,Stable
mp-1106078.cif,-0.6655143,-0.6221145,mp-1106078,0.0023992313888854255,Stable,Stable
mp-1191771.cif,-0.8516369,-0.65456855,mp-1191771,0.0,Stable,Stable
mp-1034618.cif,-3.1670423,-2.726316,mp-1034618,0.18939582693984391,Stable,Stable
mp-1034270.cif,-2.916763,-2.5422666,mp-1034270,0.37234812727272626,Stable,Stable
mp-696210.cif,-0.17389336,-0.3856025,mp-696210,0.2964991702777757,Stable,Stable
mp-16813.cif,-0.81991553,-0.84607273,mp-16813,0.31157428145833244,Stable,Stable
mp-1071272.cif,-0.8536824,-0.6130608,mp-1071272,0.02782636343749889,Stable,Stable
mp-624.cif,-0.4729622,-0.20918894,mp-624,0.0,Stable,Stable
mp-24391.cif,-1.8841102,-1.7614214,mp-24391,0.016486089062492937,Stable,Stable
mp-1020716.cif,-2.0349336,-2.2136276,mp-1020716,0.0,Stable,Stable
mp-849477.cif,-2.5228992,-2.4307163,mp-849477,0.07673722000000005,Stable,Stable
mp-559590.cif,-3.0274177,-2.957469,mp-559590,0.005337873368056023,Stable,Stable
mp-1079900.cif,-0.81875014,-0.5574325,mp-1079900,0.0,Stable,Stable
mp-849262.cif,-2.491461,-2.389448,mp-849262,0.09854861003906912,Stable,Stable
mp-9936.cif,-0.14329009,-0.17120486,mp-9936,0.4479748249479165,Stable,Stable
mp-1072852.cif,3.7665005,2.5725913,mp-1072852,2.5725911972222217,Unstable,Unstable
mp-3635.cif,-2.8589482,-2.7379906,mp-3635,0.01816399749999409,Stable,Stable
mp-728484.cif,-0.41435063,-0.3010202,mp-728484,0.663030213490436,Stable,Stable
mp-783910.cif,-2.4164414,-2.3320978,mp-783910,4.278447916661321e-05,Stable,Stable
mp-1017272.cif,0.43629473,0.38818392,mp-1017272,0.5790375968750006,Unstable,Unstable
mp-567908.cif,-0.8240588,-0.52642715,mp-567908,0.0,Stable,Stable
mp-1226275.cif,-0.17078416,0.13883092,mp-1226275,0.30313661650000157,Unstable,Stable
mp-766525.cif,-2.609649,-2.490971,mp-766525,0.022191416514088402,Stable,Stable
mp-761231.cif,-2.3020785,-2.2741344,mp-761231,0.054824081278409764,Stable,Stable
mp-1210846.cif,-0.7511591,-0.6302139,mp-1210846,0.0,Stable,Stable
mp-542728.cif,-0.14612919,-0.13176031,mp-542728,0.03009891275862131,Stable,Stable
mp-1079437.cif,-0.29530662,-0.17078298,mp-1079437,0.00684514683333326,Stable,Stable
mp-1198135.cif,-1.905836,-1.564698,mp-1198135,0.5109798007083288,Stable,Stable
mp-1205090.cif,-2.1843758,-2.0655148,mp-1205090,0.012165577942858441,Stable,Stable
mp-1219765.cif,-0.5738114,-0.48220223,mp-1219765,0.023697087222227964,Stable,Stable
mp-1102585.cif,-0.71757925,-0.5385332,mp-1102585,0.0,Stable,Stable
mp-1024941.cif,-0.95327836,-0.6905047,mp-1024941,0.0,Stable,Stable
mp-754433.cif,-2.2823992,-2.1251626,mp-754433,0.12574443843749972,Stable,Stable
mp-1224628.cif,-3.6085026,-3.4136493,mp-1224628,0.08538103099999894,Stable,Stable
mp-1035582.cif,-2.9451337,-2.6949542,mp-1035582,0.2946586102343751,Stable,Stable
mp-684065.cif,-3.1447434,-2.942365,mp-684065,0.03492674291472575,Stable,Stable
mp-1221388.cif,0.09678532,0.074253246,mp-1221388,0.6758840722916677,Unstable,Unstable
mp-1079333.cif,-0.6519791,-0.51033115,mp-1079333,0.2369623150520841,Stable,Stable
mp-561502.cif,-1.6246464,-1.3700258,mp-561502,0.144262260416669,Stable,Stable
mp-1232521.cif,-3.184598,-3.0625105,mp-1232521,0.008678563833337094,Stable,Stable
mp-5019.cif,-0.6318191,-0.46474048,mp-5019,0.0,Stable,Stable
mp-761215.cif,-2.2712476,-2.252747,mp-761215,0.06917174490550959,Stable,Stable
mp-2219183.cif,-2.8995783,-2.6845965,mp-2219183,0.251649528056312,Stable,Stable
mp-28244.cif,-2.3331687,-2.1938565,mp-28244,0.0,Stable,Stable
mp-1188833.cif,-0.6701181,-0.24377112,mp-1188833,0.20643802787037657,Stable,Stable
mp-2646982.cif,-0.44320673,-0.3781712,mp-2646982,0.007582105416666707,Stable,Stable
mp-1198031.cif,-3.2438204,-2.90127,mp-1198031,0.0,Stable,Stable
mp-1212632.cif,-3.7992387,-3.3294225,mp-1212632,0.020116119139656163,Stable,Stable
mp-680293.cif,-0.49292785,-0.3922611,mp-680293,0.0,Stable,Stable
mp-1196808.cif,-1.7092397,-1.6590073,mp-1196808,0.41853295849999395,Stable,Stable
mp-1076987.cif,-0.72883314,-0.6216345,mp-1076987,0.0036753742816131307,Stable,Stable
mp-27990.cif,-0.05952108,-0.058270764,mp-27990,0.007053553750000496,Stable,Stable
mp-752713.cif,-3.717427,-3.5570538,mp-752713,0.0,Stable,Stable
mp-562300.cif,-1.9712677,-2.0685234,mp-562300,0.14348259312500122,Stable,Stable
mp-1205404.cif,-0.41202503,-0.34044042,mp-1205404,0.3209656805555472,Stable,Stable
mp-1223603.cif,-2.3959384,-2.349419,mp-1223603,0.012596684527476754,Stable,Stable
mp-1189809.cif,-3.086354,-2.815885,mp-1189809,0.1026162920000031,Stable,Stable
mp-1199109.cif,-2.6750512,-2.2412245,mp-1199109,0.3003226471496152,Stable,Stable
mp-758800.cif,-0.9192794,-0.6330335,mp-758800,0.01966110052631631,Stable,Stable
mp-1191371.cif,-0.92454064,-0.69239855,mp-1191371,0.0,Stable,Stable
mp-3281.cif,-3.7026658,-3.3666108,mp-3281,0.0,Stable,Stable
mp-510549.cif,-0.68145674,-0.4797151,mp-510549,0.0853711721428585,Stable,Stable
mp-1203872.cif,-2.684131,-2.604301,mp-1203872,0.006171458693669862,Stable,Stable
mp-4164.cif,0.005137138,-0.07604165,mp-4164,0.008447319705867429,Stable,Unstable
mp-999198.cif,-0.6714493,-0.5133475,mp-999198,0.010615728750000386,Stable,Stable
mp-1017241.cif,0.14208168,0.19508636,mp-1017241,0.2645366184375,Unstable,Unstable
mp-1221372.cif,-0.38251626,-0.3082919,mp-1221372,0.03298404322557502,Stable,Stable
mp-1188805.cif,-0.3699572,-0.34455338,mp-1188805,0.0039172887152769675,Stable,Stable
mp-761278.cif,-2.3406167,-2.2828734,mp-761278,0.05281182892361613,Stable,Stable
mp-1204414.cif,-0.65552104,-0.581074,mp-1204414,0.011561840999998019,Stable,Stable
mp-1204484.cif,-0.3191812,-0.3252311,mp-1204484,0.09053797262499419,Stable,Stable
mp-1203588.cif,-2.2941074,-2.177903,mp-1203588,0.0,Stable,Stable
mp-16713.cif,-0.6437401,-0.54693073,mp-16713,0.0,Stable,Stable
mp-559066.cif,-3.2775521,-3.1289735,mp-559066,0.0078351536962451,Stable,Stable
mp-10503.cif,-0.27119428,-0.26586065,mp-10503,0.0,Stable,Stable
mp-38818.cif,-1.0081518,-0.90050083,mp-38818,0.0,Stable,Stable
mp-29292.cif,-0.14905867,-0.091248974,mp-29292,0.005552952574727321,Stable,Stable
mp-23549.cif,-2.5498843,-2.4353786,mp-23549,0.0034998932499989976,Stable,Stable
mp-10142.cif,-1.0253301,-0.8041929,mp-10142,0.0,Stable,Stable
mp-1190291.cif,-0.55085343,-0.5111136,mp-1190291,0.0,Stable,Stable
mp-1224633.cif,-2.3330708,-1.8656265,mp-1224633,0.505783683148147,Stable,Stable
mp-21951.cif,-0.50914836,-0.40265223,mp-21951,0.0,Stable,Stable
mp-1180610.cif,-2.1642947,-1.5459646,mp-1180610,0.5267281909356853,Stable,Stable
mp-1179169.cif,-0.19257823,-0.1365364,mp-1179169,1.309497238543142,Stable,Stable
mp-568966.cif,-0.6390067,-0.49376643,mp-568966,0.0,Stable,Stable
mp-1190272.cif,-0.79576826,-0.6024442,mp-1190272,0.0,Stable,Stable
mp-754459.cif,-1.7241868,-1.9387813,mp-754459,0.009036455624999995,Stable,Stable
mp-1214611.cif,-3.2246947,-3.1130955,mp-1214611,0.01149332237903522,Stable,Stable
mp-770781.cif,-2.3564065,-2.307685,mp-770781,0.11337415862036782,Stable,Stable
mp-16086.cif,-0.49074906,-0.3868984,mp-16086,0.0,Stable,Stable
mp-1220740.cif,-2.2767458,-2.3050854,mp-1220740,0.16309982889535313,Stable,Stable
mp-754763.cif,-2.8461251,-2.5794358,mp-754763,0.076567326785697,Stable,Stable
mp-1187632.cif,1.2832406,0.98229665,mp-1187632,0.9822966577083321,Unstable,Unstable
mp-1226584.cif,-1.0292027,-0.76641387,mp-1226584,0.08369440255951766,Stable,Stable
mp-1100435.cif,0.3646273,-0.2329899,mp-1100435,0.342317545256412,Stable,Unstable
mp-3869.cif,-0.97589993,-0.7850073,mp-3869,0.0,Stable,Stable
mp-773603.cif,-2.5592866,-2.4728954,mp-773603,0.04593450020833867,Stable,Stable
mp-756217.cif,-2.2864118,-2.1745477,mp-756217,0.07635937593749986,Stable,Stable
mp-759792.cif,-2.6474333,-2.4991074,mp-759792,0.011548473586954877,Stable,Stable
mp-1192983.cif,-1.5541407,-1.4133707,mp-1192983,0.27126083980769433,Stable,Stable
mp-1183052.cif,-2.8326209,-2.4753895,mp-1183052,0.7924727446666662,Stable,Stable
mp-1198145.cif,-2.9431705,-2.832813,mp-1198145,0.0012748577678571849,Stable,Stable
mp-5182.cif,0.04213945,-0.05587589,mp-5182,0.001119763713234967,Stable,Unstable
mp-1022057.cif,0.5347841,0.45033112,mp-1022057,0.5247121881250001,Unstable,Unstable
mp-6648.cif,-2.9385686,-2.795876,mp-6648,0.0,Stable,Stable
mp-1225933.cif,-0.092173986,-0.11198283,mp-1225933,0.0020080588235291685,Stable,Stable
mp-1182309.cif,-1.46924,-1.3327129,mp-1182309,0.35191861750000264,Stable,Stable
mp-1195990.cif,-2.5688202,-2.4394872,mp-1195990,0.06190427342261806,Stable,Stable
mp-6126.cif,-2.6246204,-2.3040004,mp-6126,0.0,Stable,Stable
mp-647283.cif,-3.4919796,-3.2751355,mp-647283,0.042305357383320086,Stable,Stable
mp-1103972.cif,-0.22379632,-0.38833663,mp-1103972,0.08159897942307737,Stable,Stable
mp-2217924.cif,-2.4724793,-2.2113972,mp-2217924,0.22639008797726934,Stable,Stable
mp-1218969.cif,-0.74496824,-0.48027182,mp-1218969,0.015929086071434284,Stable,Stable
mp-1194311.cif,-0.6209945,-0.43820956,mp-1194311,0.0,Stable,Stable
mp-1191986.cif,-0.72419053,-0.56351614,mp-1191986,0.013225218888885948,Stable,Stable
mp-531611.cif,-0.2744001,-0.0948872,mp-531611,0.0,Stable,Stable
mp-778867.cif,-2.5755048,-2.4635508,mp-778867,0.045860890543472976,Stable,Stable
mp-556514.cif,-1.8893124,-1.859632,mp-556514,0.0,Stable,Stable
mp-13234.cif,-0.98645145,-0.6371503,mp-13234,0.13525142388888511,Stable,Stable
mp-1187032.cif,1.1356117,0.9210809,mp-1187032,0.921080893958333,Unstable,Unstable
mp-1215095.cif,-1.4179671,-1.284761,mp-1215095,0.6147659024387266,Stable,Stable
mp-1190818.cif,-0.740659,-0.5280163,mp-1190818,0.009585434305554585,Stable,Stable
mp-1219294.cif,-0.77539164,-0.52135354,mp-1219294,0.0,Stable,Stable
mp-977324.cif,-0.4111058,-0.33055922,mp-977324,0.0,Stable,Stable
mp-1104181.cif,-0.6159949,-0.4246745,mp-1104181,0.0,Stable,Stable
mp-1019560.cif,-3.4562438,-3.2427793,mp-1019560,0.0,Stable,Stable
mp-1019379.cif,-1.416785,-1.118876,mp-1019379,0.3607763212499986,Stable,Stable
mp-1197561.cif,-0.24327704,-0.22792438,mp-1197561,0.09656053718750979,Stable,Stable
mp-780308.cif,-2.5724864,-2.4824142,mp-780308,0.028899697642865263,Stable,Stable
mp-1004528.cif,-3.2203088,-3.1396492,mp-1004528,0.0,Stable,Stable
mp-559759.cif,-3.5878708,-3.3223312,mp-559759,0.0,Stable,Stable
mp-4812.cif,-2.814886,-2.5115879,mp-4812,0.0,Stable,Stable
mp-780524.cif,-2.4903944,-2.390059,mp-780524,0.09793770628906806,Stable,Stable
mp-2315.cif,-0.33123142,-0.07871145,mp-2315,0.0,Stable,Stable
mp-1289597.cif,-2.6386573,-2.4087238,mp-1289597,0.020367710552072538,Stable,Stable
mp-754734.cif,-2.5452545,-2.4528484,mp-754734,0.054605254705881734,Stable,Stable
mp-780282.cif,-2.6189797,-2.3762195,mp-780282,0.09622867295237914,Stable,Stable
mp-1095458.cif,-0.675402,-0.48031846,mp-1095458,0.025439502045451867,Stable,Stable
mp-984718.cif,-0.27054924,-0.03250947,mp-984718,0.08951741499999954,Stable,Stable
mp-5311.cif,-1.4725196,-1.2502605,mp-5311,0.0,Stable,Stable
mp-1106386.cif,-0.30341518,-0.3002668,mp-1106386,0.05297795562500074,Stable,Stable
mp-1228559.cif,-0.40478325,-0.3748537,mp-1228559,0.0004890425861976411,Stable,Stable
mp-1100402.cif,0.23509665,-0.120205656,mp-1100402,0.4684993066666614,Stable,Unstable
mp-1188975.cif,-0.4305281,-0.27458298,mp-1188975,0.016726601842105282,Stable,Stable
mp-30975.cif,-2.3076453,-2.2588363,mp-30975,0.0,Stable,Stable
mp-554562.cif,-2.0851865,-2.0239265,mp-554562,0.04042152269231103,Stable,Stable
mp-29028.cif,-0.54078144,-0.4885565,mp-29028,0.13432225266666453,Stable,Stable
mp-28151.cif,-0.575581,-0.43579277,mp-28151,0.006320313381700693,Stable,Stable
mp-756526.cif,-2.1050215,-2.011912,mp-756526,0.0869659678787853,Stable,Stable
mp-754909.cif,-2.7544389,-2.5551176,mp-754909,0.10088559892855464,Stable,Stable
mp-31009.cif,-0.8108782,-0.56273985,mp-31009,0.0,Stable,Stable
mp-1189186.cif,-0.8142487,-0.7069955,mp-1189186,0.00340387050000146,Stable,Stable
mp-1201877.cif,-2.8185587,-2.670687,mp-1201877,0.13112941159909752,Stable,Stable
mp-541848.cif,0.6470111,0.7090749,mp-541848,0.7090749072222229,Unstable,Unstable
mp-1098076.cif,0.32565218,0.24452023,mp-1098076,0.38193214640624973,Unstable,Unstable
mp-1202890.cif,-1.8436497,-1.9505943,mp-1202890,0.0,Stable,Stable
mp-5457.cif,-0.27908283,-0.23572858,mp-5457,0.028043287036291886,Stable,Stable
mp-758806.cif,-0.39972287,-0.356963,mp-758806,0.09189409603181797,Stable,Stable
mp-1007823.cif,-0.92825365,-0.6571504,mp-1007823,0.3843638125000002,Stable,Stable
mp-1193180.cif,-0.36918724,-0.36438617,mp-1193180,0.0,Stable,Stable
mp-1078253.cif,-0.40229028,-0.2548778,mp-1078253,0.0,Stable,Stable
mp-1211786.cif,-3.0587363,-2.7089596,mp-1211786,0.026935271381582027,Stable,Stable
mp-1195216.cif,-0.56676143,-0.4775662,mp-1195216,0.0,Stable,Stable
mp-1222450.cif,-3.7167354,-3.485026,mp-1222450,0.08412566200000171,Stable,Stable
mp-720583.cif,-2.4498692,-2.3565512,mp-720583,0.0,Stable,Stable
mp-580731.cif,-0.40635246,-0.3616247,mp-580731,0.0,Stable,Stable
mp-1570353.cif,-2.4909406,-2.427895,mp-1570353,0.07546422386363894,Stable,Stable
mp-1222002.cif,-0.095953025,0.29962134,mp-1222002,0.4735807987499996,Unstable,Stable
mp-644223.cif,-0.42799103,-0.40148166,mp-644223,0.04710132833333258,Stable,Stable
mp-568532.cif,0.17161854,0.19981253,mp-568532,0.49728179210526413,Unstable,Unstable
mp-556214.cif,-3.1906302,-3.0253806,mp-556214,0.0,Stable,Stable
mp-1191620.cif,-0.66180944,-0.45792133,mp-1191620,0.0,Stable,Stable
mp-1200183.cif,-0.35339534,-0.30493265,mp-1200183,0.42403687631944553,Stable,Stable
mp-1099256.cif,-2.336934,-2.1810448,mp-1099256,0.7309013773437485,Stable,Stable
mp-1183422.cif,-1.1267753,-1.000599,mp-1183422,1.6395714481666666,Stable,Stable
mp-12054.cif,-0.5603731,-0.31681964,mp-12054,0.045477424666666266,Stable,Stable
mp-851119.cif,-2.4903734,-2.4208217,mp-851119,0.0825376252272747,Stable,Stable
mp-28630.cif,-0.87825286,-0.679394,mp-28630,0.0,Stable,Stable
mp-631514.cif,2.5320067,1.7628022,mp-631514,1.8132382933999978,Unstable,Unstable
mp-1191955.cif,-0.365946,-0.31629986,mp-1191955,0.00486637788461497,Stable,Stable
mp-1208405.cif,-0.7507422,-0.7471719,mp-1208405,0.0,Stable,Stable
mp-1106165.cif,-0.8104322,-0.71840006,mp-1106165,0.0,Stable,Stable
mp-1207444.cif,-2.5338373,-2.3002045,mp-1207444,0.02078836211111046,Stable,Stable
mp-1219392.cif,-0.8895159,-0.53800035,mp-1219392,0.0025227289999936175,Stable,Stable
mp-760310.cif,-2.2942634,-2.2592905,mp-760310,0.06966807582386458,Stable,Stable
mp-10124.cif,-0.39787048,-0.39507762,mp-10124,0.0,Stable,Stable
mp-777271.cif,-2.5575438,-2.4633033,mp-777271,0.04610831112318259,Stable,Stable
mp-23628.cif,-2.464282,-2.3807456,mp-23628,0.07476901261574032,Stable,Stable
mp-1039998.cif,-3.2037368,-2.801725,mp-1039998,0.17571873548340378,Stable,Stable
mp-559949.cif,-2.505731,-2.2741625,mp-559949,0.019034733106059853,Stable,Stable
mp-1226337.cif,-0.39904797,-0.40386134,mp-1226337,0.007152716171875184,Stable,Stable
mp-558445.cif,-3.1612222,-2.8446639,mp-558445,0.010087268941342487,Stable,Stable
mp-1182261.cif,-2.5604029,-1.8548396,mp-1182261,0.5731261838541473,Stable,Stable
mp-23398.cif,-2.106389,-1.8087084,mp-23398,0.0,Stable,Stable
mp-12022.cif,-2.6975522,-2.4121952,mp-12022,0.07199320427083755,Stable,Stable
mp-505372.cif,-0.19067782,-0.1979598,mp-505372,0.0,Stable,Stable
mp-1180710.cif,-2.862923,-2.743544,mp-1180710,0.009038583674699119,Stable,Stable
mp-576.cif,-0.20190148,-0.09489693,mp-576,0.0,Stable,Stable
mp-561725.cif,-2.692818,-2.60232,mp-561725,0.0,Stable,Stable
mp-1223255.cif,-0.84107506,-0.54350954,mp-1223255,0.0019278764285743932,Stable,Stable
mp-558506.cif,-0.6997051,-0.7573199,mp-558506,0.1719891992187499,Stable,Stable
mp-1226793.cif,-0.7186037,-0.41354114,mp-1226793,0.12678639152776494,Stable,Stable
mp-1227050.cif,-0.77805305,-0.5082198,mp-1227050,0.0,Stable,Stable
mp-1190660.cif,-0.8040165,-0.5781893,mp-1190660,0.0,Stable,Stable
mp-631552.cif,1.2667509,0.82927585,mp-631552,1.5807060342735042,Unstable,Unstable
mp-1180702.cif,-0.5563143,-0.44126248,mp-1180702,0.07984100266666871,Stable,Stable
mp-1212987.cif,-3.3148363,-3.102881,mp-1212987,0.00021436477941172427,Stable,Stable
mp-1078891.cif,-0.7979447,-0.5114773,mp-1078891,0.0,Stable,Stable
mp-1202173.cif,-0.67285794,-0.48281267,mp-1202173,0.12939068086804717,Stable,Stable
mp-865177.cif,-0.69939595,0.30226707,mp-865177,0.8499812808238714,Unstable,Stable
mp-754325.cif,-2.328612,-2.3012924,mp-754325,0.03507665054349207,Stable,Stable
mp-849704.cif,-2.2605278,-2.2278485,mp-849704,0.0800801164285776,Stable,Stable
mp-1195223.cif,-2.445035,-2.4257972,mp-1195223,0.06115716692307682,Stable,Stable
mp-569299.cif,-0.1183907,-0.09481202,mp-569299,0.02428812983333284,Stable,Stable
mp-1026451.cif,0.34734815,0.30076104,mp-1026451,0.3457247989062502,Unstable,Unstable
mp-1020142.cif,-2.878088,-2.7222462,mp-1020142,0.018674607008548172,Stable,Stable
mp-1204782.cif,-1.4092222,-1.0139799,mp-1204782,0.5352361484782593,Stable,Stable
mp-1214219.cif,-2.492002,-2.2365453,mp-1214219,0.155361231167773,Stable,Stable
mp-1020144.cif,-3.1959023,-2.87788,mp-1020144,0.001796879523817907,Stable,Stable
mp-16737.cif,-2.8716664,-2.7238724,mp-16737,0.0,Stable,Stable
mp-1198701.cif,-2.613386,-2.498661,mp-1198701,0.017888499563492033,Stable,Stable
mp-1208717.cif,-1.5907742,-1.6434679,mp-1208717,0.7524988464102567,Stable,Stable
mp-2646998.cif,-0.5082537,-0.23521651,mp-2646998,0.28093717078247415,Stable,Stable
mp-1019528.cif,-3.281382,-3.052026,mp-1019528,0.006211954613114301,Stable,Stable
mp-1246452.cif,-0.1897551,-0.2620485,mp-1246452,0.3900956484615392,Stable,Stable
mp-2646917.cif,-0.3557561,-0.24237753,mp-2646917,0.12437480047619509,Stable,Stable
mp-557351.cif,-2.8089254,-2.5820656,mp-557351,0.005224806500000234,Stable,Stable
mp-1076.cif,-0.20747219,-0.08032315,mp-1076,0.0,Stable,Stable
mp-1182541.cif,-0.3996328,-0.11623458,mp-1182541,0.5324016241091956,Stable,Stable
mp-1199169.cif,-4.297164,-4.0375557,mp-1199169,0.022032946818177024,Stable,Stable
mp-1216667.cif,-1.0175017,-0.9210974,mp-1216667,0.009228583333333873,Stable,Stable
mp-505743.cif,-2.5240943,-2.2996356,mp-505743,0.0,Stable,Stable
mp-1080757.cif,-0.7251849,-0.70451444,mp-1080757,0.0,Stable,Stable
mp-1228622.cif,-3.5088742,-3.271843,mp-1228622,0.0032165830999986156,Stable,Stable
mp-1181156.cif,-1.4208345,-1.1113945,mp-1181156,0.5324099957598012,Stable,Stable
mp-27757.cif,0.18982513,-0.01671714,mp-27757,0.0,Stable,Unstable
mp-770786.cif,-2.4531934,-2.286984,mp-770786,0.049782941111116585,Stable,Stable
mp-849590.cif,-2.2886944,-2.2682571,mp-849590,0.060701384687500415,Stable,Stable
mp-851076.cif,-2.476271,-2.4256463,mp-851076,0.07771306504545628,Stable,Stable
mp-1215212.cif,-0.6142119,-0.010646282,mp-1215212,0.9661065116666698,Stable,Stable
mp-1192940.cif,-0.68258077,-0.4759896,mp-1192940,0.0,Stable,Stable
mp-1191882.cif,-0.82482135,-0.57793427,mp-1191882,0.0,Stable,Stable
mp-782654.cif,-2.5486574,-2.475735,mp-782654,0.03557892707143573,Stable,Stable
mp-777049.cif,-2.4379416,-2.3321407,mp-777049,0.0,Stable,Stable
mp-1034600.cif,-3.0002317,-2.793493,mp-1034600,0.19100541437500151,Stable,Stable
mp-1198355.cif,-2.610954,-2.3593295,mp-1198355,0.3215893897063369,Stable,Stable
mp-944.cif,-0.20776145,-0.05041312,mp-944,0.01683494079999992,Stable,Stable
mp-764587.cif,-2.3109252,-2.2653115,mp-764587,0.06364699423295583,Stable,Stable
mp-1200630.cif,-2.534483,-2.4485757,mp-1200630,0.0,Stable,Stable
mp-1211205.cif,-0.5492157,-0.40428045,mp-1211205,0.007623332485667156,Stable,Stable
mp-768345.cif,-3.2846835,-3.134207,mp-768345,0.007360485833332042,Stable,Stable
mp-1199198.cif,-3.0304956,-2.9162166,mp-1199198,0.0,Stable,Stable
mp-1192116.cif,-0.73577833,-0.47559848,mp-1192116,0.0,Stable,Stable
mp-1213107.cif,-0.85834986,-0.55803835,mp-1213107,0.0,Stable,Stable
mp-1079053.cif,-0.5229136,-0.39616722,mp-1079053,0.023003367999997693,Stable,Stable
mp-1218890.cif,-0.6768429,-0.49169484,mp-1218890,0.0,Stable,Stable
mp-1016422.cif,0.2690431,0.3657188,mp-1016422,0.398700940258621,Unstable,Unstable
mp-1100889.cif,-3.1491404,-2.8553946,mp-1100889,0.4314124760726479,Stable,Stable
mp-733898.cif,-2.356421,-2.1862473,mp-733898,0.2749034796755332,Stable,Stable
mp-1194976.cif,-0.48367786,-0.43863255,mp-1194976,0.005723456617647393,Stable,Stable
mp-766461.cif,-2.5238209,-2.2984126,mp-766461,0.09430973377651153,Stable,Stable
mp-770402.cif,-2.6032581,-2.4423115,mp-770402,0.059398175000001,Stable,Stable
mp-1194718.cif,-0.17358725,-0.15966076,mp-1194718,0.20127373949999772,Stable,Stable
mp-1188221.cif,-0.52159935,-0.39326835,mp-1188221,0.0,Stable,Stable
mp-1203138.cif,-3.5861318,-3.279701,mp-1203138,0.0,Stable,Stable
mp-1225361.cif,-0.78216636,-0.63437605,mp-1225361,0.0,Stable,Stable
mp-1210692.cif,-2.8516438,-2.6778405,mp-1210692,0.0,Stable,Stable
mp-768952.cif,-2.1417818,-1.7011335,mp-768952,0.397744603787876,Stable,Stable
mp-554282.cif,-3.6264162,-3.383382,mp-554282,0.0012406889375018437,Stable,Stable
mp-15519.cif,-3.1552973,-2.9206386,mp-15519,0.006188874448529447,Stable,Stable
mp-1211283.cif,-0.42118883,-0.2239184,mp-1211283,0.17671495462301312,Stable,Stable
mp-1213769.cif,-2.5304012,-2.6679873,mp-1213769,0.0,Stable,Stable
mp-849720.cif,-2.2591758,-2.2280433,mp-849720,0.07988555571428968,Stable,Stable
mp-1218985.cif,-0.76563144,-0.5083701,mp-1218985,0.0,Stable,Stable
mp-1196273.cif,-2.202176,-2.152906,mp-1196273,0.0,Stable,Stable
mp-570132.cif,-1.353707,-1.1179787,mp-570132,0.0468241045572908,Stable,Stable
mp-1217974.cif,-0.52385646,-0.48022097,mp-1217974,0.007019332500011188,Stable,Stable
mp-558022.cif,-3.1940403,-3.1211836,mp-558022,0.00010283458333404383,Stable,Stable
mp-5172.cif,-0.4121657,-0.37251526,mp-5172,0.0,Stable,Stable
mp-8109.cif,-3.309441,-2.9825516,mp-8109,0.0,Stable,Stable
mp-1194424.cif,-2.7880964,-2.7130327,mp-1194424,0.1694383021230097,Stable,Stable
mp-1222299.cif,-1.1364367,-1.0789089,mp-1222299,0.0,Stable,Stable
mp-1100413.cif,0.6235509,-0.23740812,mp-1100413,0.37234697447916965,Stable,Unstable
mp-1177918.cif,-2.5054703,-2.4283404,mp-1177918,0.07911322117647224,Stable,Stable
mp-764741.cif,-2.2799969,-2.2442408,mp-764741,0.07767797257992815,Stable,Stable
mp-764554.cif,-2.3258588,-2.2857666,mp-764554,0.04991849136806081,Stable,Stable
mp-980205.cif,-0.6735516,-0.56249034,mp-980205,0.0,Stable,Stable
mp-6916.cif,-0.638307,-0.5288279,mp-6916,0.0,Stable,Stable
mp-1193779.cif,-1.3999871,-0.9062936,mp-1193779,0.7783379590384643,Stable,Stable
mp-505346.cif,-3.5032327,-3.1840274,mp-505346,0.0,Stable,Stable
mp-1079124.cif,-2.1529741,-2.104263,mp-1079124,0.32155733385416596,Stable,Stable
mp-1079578.cif,-0.56555265,-0.40654138,mp-1079578,0.1425503339999974,Stable,Stable
mp-768764.cif,-2.1965704,-2.0693998,mp-768764,0.06405714513888494,Stable,Stable
mp-1756.cif,-0.6453173,-0.52687067,mp-1756,0.0,Stable,Stable
mp-655001.cif,-0.45417058,-0.17612194,mp-655001,0.2907518529999997,Stable,Stable
mp-780433.cif,-2.5649097,-2.47456,mp-780433,0.03675377107143696,Stable,Stable
mp-771080.cif,-2.2294497,-2.0446424,mp-771080,0.08243056572916707,Stable,Stable
mp-2646967.cif,-0.43097913,-0.43378976,mp-2646967,0.0,Stable,Stable
mp-1194531.cif,-0.28818256,-0.19004354,mp-1194531,0.007321044166666901,Stable,Stable
mp-631581.cif,1.1195314,0.96893865,mp-631581,1.2987491922916674,Unstable,Unstable
mp-1199710.cif,-0.37579858,-0.30959585,mp-1199710,0.23441187875771696,Stable,Stable
mp-752566.cif,-2.703208,-2.6076627,mp-752566,0.054509037796046655,Stable,Stable
mp-1344863.cif,-1.5361645,-1.1317364,mp-1344863,1.3460506135118981,Stable,Stable
mp-1209019.cif,-0.81481814,-0.7334988,mp-1209019,0.0,Stable,Stable
mp-556106.cif,-3.7209005,-3.4306018,mp-556106,0.0,Stable,Stable
mp-1201413.cif,-1.8973451,-1.6804832,mp-1201413,0.04250228988715232,Stable,Stable
mp-5568.cif,-0.2942275,-0.24581487,mp-5568,0.019940596627908036,Stable,Stable
mp-1189333.cif,-0.738612,-0.6069316,mp-1189333,0.0,Stable,Stable
mp-618324.cif,-0.7748014,-0.49222404,mp-618324,0.041130589999999856,Stable,Stable
mp-770358.cif,-2.7726626,-2.5749102,mp-770358,0.05222063944444866,Stable,Stable
mp-9208.cif,-0.9894672,-0.83317226,mp-9208,0.0,Stable,Stable
mp-1103476.cif,-0.39365935,-0.26518202,mp-1103476,0.0,Stable,Stable
mp-1196064.cif,-0.87261236,-0.9482138,mp-1196064,0.30228931134259174,Stable,Stable
mp-1194548.cif,-0.23639528,-0.08207924,mp-1194548,0.03624395721014473,Stable,Stable
mp-1079201.cif,0.09841752,0.18065518,mp-1079201,0.8871446712500006,Unstable,Unstable
mp-1191543.cif,-0.9155307,-0.6704936,mp-1191543,0.0,Stable,Stable
mp-755835.cif,-2.5563917,-2.3884475,mp-755835,0.10899154972220959,Stable,Stable
mp-21347.cif,-0.40152448,-0.3831646,mp-21347,0.0024559533333334826,Stable,Stable
mp-1100392.cif,0.42523217,-0.13875127,mp-1100392,0.04932601732974806,Stable,Unstable
mp-766526.cif,-2.5868738,-2.4911664,mp-766526,0.021996077218313204,Stable,Stable
mp-2038642.cif,-0.32546496,-0.40415815,mp-2038642,0.0,Stable,Stable
mp-1216709.cif,-1.0151865,-0.8533943,mp-1216709,0.0,Stable,Stable
mp-1038483.cif,-3.100195,-2.8100626,mp-1038483,0.1775639966015623,Stable,Stable
mp-542021.cif,-0.8885372,-0.6789291,mp-542021,0.045074695000001164,Stable,Stable
mp-28092.cif,-0.18348947,-0.07487123,mp-28092,0.3031149448345172,Stable,Stable
mp-984628.cif,-2.1030703,-2.0209403,mp-984628,0.8975609750000029,Stable,Stable
mp-1221191.cif,1.4237977,1.014455,mp-1221191,1.5732190390603447,Unstable,Unstable
mp-1196968.cif,-2.0983367,-2.0390098,mp-1196968,0.0,Stable,Stable
mp-631553.cif,1.407275,0.8831076,mp-631553,0.9977435483333323,Unstable,Unstable
mp-777347.cif,-2.278139,-2.2451286,mp-777347,0.0767902744403921,Stable,Stable
mp-1224701.cif,-3.2216568,-3.1227453,mp-1224701,0.06403385006250062,Stable,Stable
mp-624186.cif,-1.3568326,-1.0507032,mp-624186,0.0,Stable,Stable
mp-18979.cif,-2.6134548,-2.5797837,mp-18979,0.013215286541674587,Stable,Stable
mp-1106267.cif,-0.44143826,-0.38737783,mp-1106267,0.004829536842105853,Stable,Stable
mp-10143.cif,0.9496956,0.6752687,mp-10143,1.5527823012499997,Unstable,Unstable
mp-1225248.cif,-0.3348347,-0.29582423,mp-1225248,0.017152989791666684,Stable,Stable
mp-649084.cif,-0.63358736,-0.4237246,mp-649084,0.0,Stable,Stable
mp-6738.cif,-3.575685,-3.2722793,mp-6738,0.0,Stable,Stable
mp-1026516.cif,0.30978745,0.26726684,mp-1026516,0.33345006890625006,Unstable,Unstable
mp-567730.cif,-0.8182481,-0.6784387,mp-567730,0.31144262729364947,Stable,Stable
mp-1219071.cif,-0.83985734,-0.54514724,mp-1219071,0.0,Stable,Stable
mp-764525.cif,-2.2904663,-2.2455332,mp-764525,0.07638564444039275,Stable,Stable
mp-1180675.cif,-0.41179228,-0.12374071,mp-1180675,0.34313307900000023,Stable,Stable
mp-12075.cif,-0.5959078,-0.4313014,mp-12075,0.0,Stable,Stable
mp-1191670.cif,-0.8410746,-0.6412611,mp-1191670,0.0,Stable,Stable
mp-973391.cif,-0.34562743,-0.20218056,mp-973391,0.0,Stable,Stable
mp-1222386.cif,-0.4366771,-0.38186008,mp-1222386,0.06672291916666584,Stable,Stable
mp-861504.cif,-3.6574585,-3.4464974,mp-861504,0.0,Stable,Stable
mp-2976.cif,-0.7458195,-0.53661764,mp-2976,0.11091275293333336,Stable,Stable
mp-1008525.cif,-0.6521176,-0.40416658,mp-1008525,0.3431268675520851,Stable,Stable
mp-1223329.cif,-0.7911036,-0.64304435,mp-1223329,0.0,Stable,Stable
mp-1199066.cif,-3.718226,-3.166867,mp-1199066,0.015571090714290747,Stable,Stable
mp-1030755.cif,-2.8100047,-2.5120058,mp-1030755,0.4186819081250004,Stable,Stable
mp-504874.cif,-0.7538278,-0.5875166,mp-504874,0.0,Stable,Stable
mp-631508.cif,1.7473147,1.1270031,mp-631508,1.431116302777781,Unstable,Unstable
mp-568105.cif,-2.320269,-2.3248298,mp-568105,0.0,Stable,Stable
mp-1189918.cif,-0.6689864,-0.57086223,mp-1189918,0.0,Stable,Stable
mp-850885.cif,-2.5362768,-2.415838,mp-850885,0.08752138000000187,Stable,Stable
mp-1226262.cif,-0.31472266,-0.18140604,mp-1226262,0.18705541206249876,Stable,Stable
mp-1028118.cif,0.15836553,0.2036993,mp-1028118,0.2566913752051443,Unstable,Unstable
mp-1215258.cif,-0.6633439,-0.58305,mp-1215258,0.007066213333334126,Stable,Stable
mp-984554.cif,-1.0856929,-1.0638008,mp-984554,1.0795439214285762,Stable,Stable
mp-850193.cif,-3.690522,-3.5240405,mp-850193,0.03301353900000059,Stable,Stable
mp-995282.cif,-0.36934108,-0.08612548,mp-995282,0.13323522291666645,Stable,Stable
mp-534.cif,-0.19573806,-0.24130064,mp-534,0.13549375927777962,Stable,Stable
mp-1017258.cif,0.3135414,0.2813125,mp-1017258,0.3597003343749994,Unstable,Unstable
mp-21563.cif,-3.452216,-3.2279327,mp-21563,0.06923542267855698,Stable,Stable
mp-768236.cif,-2.5584693,-2.4445508,mp-768236,0.057455846736124805,Stable,Stable
mp-3040.cif,-0.5939009,-0.47091663,mp-3040,0.0,Stable,Stable
mp-31073.cif,-2.9047053,-2.7629197,mp-31073,0.0,Stable,Stable
mp-1177109.cif,-2.5489051,-2.4422781,mp-1177109,0.06417473905555582,Stable,Stable
mp-1200475.cif,-2.7537253,-2.5634646,mp-1200475,0.1446063462179481,Stable,Stable
mp-1031178.cif,-2.508327,-2.3329754,mp-1031178,0.49837698764102445,Stable,Stable
mp-1216067.cif,-3.583837,-3.472517,mp-1216067,0.049742556666666715,Stable,Stable
mp-776447.cif,-2.53652,-2.451499,mp-776447,0.05595449323529422,Stable,Stable
mp-29655.cif,-0.09490811,-0.10164157,mp-29655,0.1768810391666671,Stable,Stable
mp-1198569.cif,-3.0149689,-2.5254493,mp-1198569,0.1799870451289287,Stable,Stable
mp-773205.cif,-2.606428,-2.4964387,mp-773205,0.09079794961806353,Stable,Stable
mp-4720.cif,-0.50017226,-0.46083057,mp-4720,0.0,Stable,Stable
mp-732197.cif,-3.2122936,-2.9790971,mp-732197,0.08083690364582985,Stable,Stable
mp-686042.cif,-2.3319786,-2.1268642,mp-686042,0.08905654076923053,Stable,Stable
mp-559636.cif,-2.9468591,-2.8118024,mp-559636,0.0008996413580382168,Stable,Stable
mp-5620.cif,-0.7278958,-0.48404533,mp-5620,0.0,Stable,Stable
mp-1188836.cif,-0.8475201,-0.67051154,mp-1188836,0.057914717187498965,Stable,Stable
mp-865423.cif,-0.63846546,-0.50186944,mp-865423,0.0015615524999983421,Stable,Stable
mp-772724.cif,-2.4794493,-2.2737672,mp-772724,0.09052466656249791,Stable,Stable
mp-20517.cif,-0.20395322,-0.26322863,mp-20517,0.0,Stable,Stable
mp-1216800.cif,-0.12147637,-0.08243836,mp-1216800,0.0,Stable,Stable
mp-569655.cif,-1.1733568,-1.0918114,mp-569655,0.32116762250000086,Stable,Stable
mp-1214885.cif,-3.464795,-3.3089986,mp-1214885,0.0,Stable,Stable
mp-705494.cif,-0.6971254,-0.4956058,mp-705494,0.22130489530982533,Stable,Stable
mp-978921.cif,-0.72038543,-0.56485724,mp-978921,0.0,Stable,Stable
mp-989461.cif,-0.16735667,-0.3183063,mp-989461,0.19550423704545317,Stable,Stable
mp-1192281.cif,-1.3518103,-1.2929621,mp-1192281,1.0771028385218822,Stable,Stable
mp-1102201.cif,-0.6753563,-0.4179463,mp-1102201,3.404458333378102e-05,Stable,Stable
mp-1199838.cif,-0.35567534,-0.39273795,mp-1199838,0.012715522159094661,Stable,Stable
mp-1196534.cif,-0.16045561,-0.08333098,mp-1196534,0.07114925480435019,Stable,Stable
mp-1102353.cif,-0.47707772,0.484838,mp-1102353,0.9103207606666599,Unstable,Stable
mp-757083.cif,-1.9276699,-1.9606278,mp-757083,0.17638730172222505,Stable,Stable
mp-1210641.cif,-0.760703,-0.5540538,mp-1210641,0.0,Stable,Stable
mp-1212938.cif,-3.7625244,-3.4402382,mp-1212938,0.03049286654761829,Stable,Stable
mp-1191899.cif,-0.998075,-0.77344525,mp-1191899,0.0,Stable,Stable
mp-1214050.cif,-3.6366398,-3.3938124,mp-1214050,0.0,Stable,Stable
mp-1210179.cif,-0.350595,-0.31767982,mp-1210179,0.0,Stable,Stable
mp-374.cif,-0.46053523,-0.26286045,mp-374,0.06712516166666482,Stable,Stable
mp-1203720.cif,-1.8192829,-1.750658,mp-1203720,0.2570755373611142,Stable,Stable
mp-6114.cif,-1.3742086,-1.1432567,mp-6114,0.004735910333343085,Stable,Stable
mp-556300.cif,-2.575084,-2.5237613,mp-556300,0.0,Stable,Stable
mp-1189206.cif,-0.7004082,-0.5594721,mp-1189206,0.0,Stable,Stable
mp-780197.cif,-2.5694957,-2.441729,mp-780197,0.06572441882352997,Stable,Stable
mp-851576.cif,0.3232565,2.5871153,mp-851576,3.2398098938947375,Unstable,Unstable
mp-1220351.cif,-0.88010037,-0.719963,mp-1220351,0.013200364999999437,Stable,Stable
mp-1216199.cif,-0.99809444,-0.7136366,mp-1216199,0.016324778888892943,Stable,Stable
mp-1191988.cif,-0.8592189,-0.63793224,mp-1191988,0.0,Stable,Stable
mp-1213244.cif,-0.85269207,-0.62514627,mp-1213244,0.13483215208333377,Stable,Stable
mp-559282.cif,-2.6497693,-2.5193708,mp-559282,0.0,Stable,Stable
mp-559030.cif,-1.9005793,-1.8618621,mp-559030,0.05423449641917255,Stable,Stable
mp-558680.cif,-3.0780883,-2.9242816,mp-558680,0.005865441964285623,Stable,Stable
mp-1019808.cif,-3.1613383,-2.8970506,mp-1019808,0.0049294765811787045,Stable,Stable
mp-1199045.cif,-2.6021566,-2.5786972,mp-1199045,0.01458363495832593,Stable,Stable
mp-1025170.cif,-1.2955657,-0.97718024,mp-1025170,0.0,Stable,Stable
mp-1184351.cif,0.44185024,0.5120427,mp-1184351,0.5120426958333333,Unstable,Unstable
mp-30061.cif,-0.61226445,-0.4881986,mp-30061,0.0,Stable,Stable
mp-1197284.cif,-2.709108,-2.5462406,mp-1197284,0.06035308042212062,Stable,Stable
mp-850980.cif,-2.5464664,-2.4494607,mp-850980,0.05799284676470684,Stable,Stable
mp-1105235.cif,-1.9758469,-1.9099985,mp-1105235,0.0,Stable,Stable
mp-779571.cif,-3.4214725,-3.290879,mp-779571,0.06748879817499187,Stable,Stable
mp-3589.cif,-2.8549047,-2.7642825,mp-3589,0.0,Stable,Stable
mp-781607.cif,-2.4506657,-2.3935502,mp-781607,0.09444635066406804,Stable,Stable
mp-972467.cif,-0.70508546,-0.5792552,mp-972467,0.0,Stable,Stable
mp-504617.cif,-0.76325965,-0.5435434,mp-504617,0.0,Stable,Stable
mp-7839.cif,0.39250505,0.81426406,mp-7839,1.1507634181250026,Unstable,Unstable
mp-1226655.cif,-0.7163284,-0.5898616,mp-1226655,0.0004966946428535124,Stable,Stable
mp-1232384.cif,-0.5646245,-0.42576608,mp-1232384,0.4454730004166674,Stable,Stable
mp-1189845.cif,-0.2820437,-0.031224897,mp-1189845,0.35672161624999976,Stable,Stable
mp-1222565.cif,-2.8316388,-2.7550666,mp-1222565,0.031277193645813384,Stable,Stable
mp-10857.cif,-0.7351519,-0.5349006,mp-10857,0.0,Stable,Stable
mp-557632.cif,-2.5500445,-2.3430154,mp-557632,0.0,Stable,Stable
mp-1020634.cif,-3.3734188,-3.1182678,mp-1020634,0.0,Stable,Stable
mp-818725.cif,-0.51820004,0.26012874,mp-818725,1.5838287125069428,Unstable,Stable
mp-1195228.cif,-2.14485,-1.9320893,mp-1195228,0.10458148370369447,Stable,Stable
mp-1019721.cif,-3.0451183,-2.7452137,mp-1019721,0.0024359532291668984,Stable,Stable
mp-556014.cif,-2.743609,-2.6082447,mp-556014,0.022149876874998142,Stable,Stable
mp-27892.cif,-0.22630976,-0.26536503,mp-27892,0.20654898972222213,Stable,Stable
mp-554773.cif,-3.6555426,-3.388183,mp-554773,0.0,Stable,Stable
mp-28943.cif,-2.4270475,-2.358905,mp-28943,0.0,Stable,Stable
mp-771822.cif,-2.6043878,-2.5710847,mp-771822,0.03395622682598187,Stable,Stable
mp-554657.cif,-2.783862,-2.65695,mp-554657,0.0,Stable,Stable
mp-780198.cif,-2.5128841,-2.4134028,mp-780198,0.0899566502272755,Stable,Stable
mp-5434.cif,-0.1055869,-0.10352616,mp-5434,0.0,Stable,Stable
mp-760227.cif,-2.3009012,-2.2606168,mp-760227,0.06834158105113808,Stable,Stable
mp-1204768.cif,-0.46345586,-0.4075553,mp-1204768,0.10834880231481403,Stable,Stable
mp-1199652.cif,-2.8399496,-2.5311322,mp-1199652,0.1826433575000026,Stable,Stable
mp-20410.cif,-0.70878214,-0.43958458,mp-20410,0.0,Stable,Stable
mp-1095459.cif,-0.6510546,-0.45223728,mp-1095459,0.0,Stable,Stable
mp-6943.cif,-3.6268287,-3.377505,mp-6943,0.0,Stable,Stable
mp-582394.cif,-0.32036886,-0.27397788,mp-582394,0.02259377619670211,Stable,Stable
mp-21064.cif,-0.8102651,-0.3566973,mp-21064,0.0,Stable,Stable
mp-761322.cif,-2.2506123,-2.1990993,mp-761322,0.04436541583332776,Stable,Stable
mp-1219729.cif,-0.75239104,-0.5361399,mp-1219729,0.0,Stable,Stable
mp-1199091.cif,-2.6852217,-2.5715895,mp-1199091,0.0,Stable,Stable
mp-764478.cif,-2.2105904,-2.2059803,mp-764478,0.08362336670730208,Stable,Stable
mp-850784.cif,-2.5514932,-2.4541104,mp-850784,0.053343268823530465,Stable,Stable
mp-1195895.cif,-0.063630536,-0.12002007,mp-1195895,0.0,Stable,Stable
mp-850794.cif,-2.548153,-2.4494395,mp-850794,0.05801395264706066,Stable,Stable
mp-1017057.cif,0.7445524,0.58385825,mp-1017057,0.6737857740625,Unstable,Unstable
mp-1195647.cif,-0.45014834,-0.33983842,mp-1195647,0.00808976585227672,Stable,Stable
mp-1078259.cif,-2.8255115,-2.5297546,mp-1078259,0.003771963166665948,Stable,Stable
mp-778762.cif,-2.5134497,-2.426073,mp-778762,0.0772862623484869,Stable,Stable
mp-631580.cif,1.2792541,0.8631546,mp-631580,1.3443384020833289,Unstable,Unstable
mp-1196921.cif,-3.3773031,-3.1000295,mp-1196921,0.0,Stable,Stable
mp-768439.cif,-2.2058475,-2.173229,mp-768439,0.17859550913043432,Stable,Stable
mp-759895.cif,-2.298442,-2.2621803,mp-759895,0.06677819400568286,Stable,Stable
mp-2742434.cif,-1.247236,-1.0357428,mp-2742434,0.0,Stable,Stable
mp-774994.cif,-2.3302355,-2.2830875,mp-774994,0.052597621590282806,Stable,Stable
mp-1192226.cif,-2.9441702,-2.7587936,mp-1192226,0.0,Stable,Stable
mp-1191929.cif,-0.69253445,-0.59436804,mp-1191929,0.0,Stable,Stable
mp-1223830.cif,-0.9111326,-0.7863277,mp-1223830,0.0,Stable,Stable
mp-30907.cif,-0.43041742,-0.35310024,mp-30907,0.004650330909088396,Stable,Stable
mp-1197116.cif,-2.526999,-2.382834,mp-1197116,0.006571504351854607,Stable,Stable
mp-1196022.cif,-0.20628023,-0.2497723,mp-1196022,0.023953708750004132,Stable,Stable
mp-1229254.cif,-2.046103,-1.8640141,mp-1229254,0.02140880677263013,Stable,Stable
mp-1197581.cif,-2.0543036,-2.174669,mp-1197581,0.0,Stable,Stable
mp-558688.cif,-3.527256,-3.3180656,mp-558688,0.008282484144734426,Stable,Stable
mp-1222914.cif,-1.5390952,-1.4802432,mp-1222914,0.01063853008928728,Stable,Stable
mp-1211607.cif,-3.2840872,-3.120337,mp-1211607,0.0031659916176476344,Stable,Stable
mp-1077278.cif,-0.10008019,0.004704732,mp-1077278,0.2156817829166684,Unstable,Stable
mp-1213062.cif,-0.76544887,-0.6574615,mp-1213062,0.0,Stable,Stable
mp-1211183.cif,-3.940153,-3.6355362,mp-1211183,0.0,Stable,Stable
mp-10132.cif,-0.5048164,-0.32522437,mp-10132,0.0,Stable,Stable
mp-21464.cif,-0.29951918,-0.22732247,mp-21464,0.008917875833336808,Stable,Stable
mp-1040099.cif,-3.2608814,-2.9571066,mp-1040099,0.06356783660156307,Stable,Stable
mp-1225873.cif,-2.9275255,-2.795975,mp-1225873,0.15673926653549053,Stable,Stable
mp-1208860.cif,-3.4518385,-3.2420914,mp-1208860,0.007456980791682,Stable,Stable
mp-1031151.cif,-2.9659548,-2.711563,mp-1031151,0.25620747828125,Stable,Stable
mp-560471.cif,-2.458852,-2.2554615,mp-560471,0.0,Stable,Stable
mp-1210020.cif,-1.6223507,-1.6469235,mp-1210020,0.0,Stable,Stable
mp-770921.cif,-2.2473981,-2.038598,mp-770921,0.08847490510416645,Stable,Stable
mp-568985.cif,-1.1263667,-0.9335752,mp-568985,0.0,Stable,Stable
mp-1206988.cif,-0.31130707,-0.26951733,mp-1206988,0.23062063333333072,Stable,Stable
mp-1203209.cif,-2.0587997,-2.2641068,mp-1203209,0.25751901664215726,Stable,Stable
mp-1096955.cif,-0.5927175,-0.1930947,mp-1096955,0.10249230115384478,Stable,Stable
mp-1195847.cif,-0.13251574,-0.049833663,mp-1195847,0.1425284760975627,Stable,Stable
mp-23256.cif,-0.6933666,-0.59562933,mp-23256,0.09947819928819346,Stable,Stable
mp-1200467.cif,-0.9791473,-0.98504657,mp-1200467,0.0,Stable,Stable
mp-1187784.cif,-2.5331385,-2.2216218,mp-1187784,0.9734987449791657,Stable,Stable
mp-779028.cif,-2.5827043,-2.4848175,mp-779028,0.02742711239361828,Stable,Stable
mp-560899.cif,-2.417006,-2.2708774,mp-560899,0.009811502500002511,Stable,Stable
mp-5401.cif,-3.3340058,-3.2076178,mp-5401,0.0,Stable,Stable
mp-557962.cif,-1.5636107,-1.5057733,mp-557962,0.0008485134722171495,Stable,Stable
mp-1105397.cif,-0.5430545,-0.35925516,mp-1105397,0.01130982437500272,Stable,Stable
mp-18806.cif,-1.9244906,-1.9768816,mp-18806,0.0,Stable,Stable
mp-1226123.cif,-0.12374176,-0.10706433,mp-1226123,0.0022815211029403315,Stable,Stable
mp-1218007.cif,-0.5153095,-0.274566,mp-1218007,0.251008404062496,Stable,Stable
mp-10117.cif,-0.28539452,-0.3072892,mp-10117,0.0,Stable,Stable
mp-1216375.cif,-0.6104645,-0.5096854,mp-1216375,0.03584937249999953,Stable,Stable
mp-1217063.cif,-1.0550495,-0.8660037,mp-1217063,0.062281982917612666,Stable,Stable
mp-1182599.cif,-1.2573574,-0.8865834,mp-1182599,1.012943504791668,Stable,Stable
mp-30100.cif,-0.8640231,-0.6224246,mp-30100,0.0,Stable,Stable
mp-1213808.cif,-0.7698432,-0.5553621,mp-1213808,0.021137638333331488,Stable,Stable
mp-22829.cif,-2.5787864,-2.6060307,mp-22829,0.03317740144676051,Stable,Stable
mp-1104597.cif,-0.337524,-0.3226551,mp-1104597,0.17741396500000217,Stable,Stable
mp-727023.cif,-2.9444227,-2.4877,mp-727023,0.14201349006410346,Stable,Stable
mp-28955.cif,-1.2179229,-1.0459834,mp-28955,0.030753059821428508,Stable,Stable
mp-1188111.cif,-0.5658086,-0.38616,mp-1188111,0.014185807750004109,Stable,Stable
mp-21608.cif,-0.4176516,-0.3577586,mp-21608,0.0,Stable,Stable
mp-1208640.cif,-2.979958,-2.779463,mp-1208640,0.013011921166665275,Stable,Stable
mp-1201129.cif,-0.29930645,-0.1780385,mp-1201129,0.050985186460595244,Stable,Stable
mp-16084.cif,-0.45583218,-0.36685157,mp-16084,0.0,Stable,Stable
mp-1180894.cif,-0.10470511,0.14900215,mp-1180894,0.6158759374999994,Unstable,Stable
mp-1201786.cif,-2.4356496,-2.4265153,mp-1201786,0.0,Stable,Stable
mp-1199904.cif,-2.257896,-2.178421,mp-1199904,0.0919413762500021,Stable,Stable
mp-1190897.cif,-2.608206,-2.5507042,mp-1190897,0.08850378717592733,Stable,Stable
mp-1104788.cif,-2.4276407,-2.3669903,mp-1104788,0.1587548599206361,Stable,Stable
mp-1194043.cif,-3.7101467,-3.5672486,mp-1194043,0.0,Stable,Stable
mp-1033263.cif,-2.701544,-2.337575,mp-1033263,0.5968420884166665,Stable,Stable
mp-778813.cif,-2.5759573,-2.4838097,mp-778813,0.028434935372341208,Stable,Stable
mp-1224960.cif,-0.26936242,-0.2522804,mp-1224960,0.05324871138889087,Stable,Stable
mp-780663.cif,-2.5018044,-2.4319897,mp-780663,0.07136961959091082,Stable,Stable
mp-10140.cif,-0.7641367,-0.4183803,mp-10140,0.033947740222224354,Stable,Stable
mp-1211700.cif,-2.9908054,-2.8005123,mp-1211700,0.0,Stable,Stable
mp-1212438.cif,-0.2983439,-0.1681944,mp-1212438,0.020374634285708737,Stable,Stable
mp-766625.cif,-2.3124056,-2.2576385,mp-766625,0.07131988923295474,Stable,Stable
mp-759537.cif,-2.2902918,-2.2669532,mp-759537,0.06200531082386451,Stable,Stable
mp-1201012.cif,-2.675796,-2.3404102,mp-1201012,0.15375921663194525,Stable,Stable
mp-1080089.cif,-0.7717163,-0.6173559,mp-1080089,0.0,Stable,Stable
mp-1196425.cif,-2.8095603,-2.684385,mp-1196425,0.0035050427222218516,Stable,Stable
mp-849612.cif,-2.2523155,-2.2325528,mp-849612,0.07537607976190941,Stable,Stable
mp-756664.cif,-2.446525,-2.326425,mp-756664,0.005715536111110531,Stable,Stable
mp-2898201.cif,-2.5794735,-2.3877392,mp-2898201,0.08475286395832171,Stable,Stable
mp-31064.cif,-0.2558093,-0.27971712,mp-31064,0.0,Stable,Stable
mp-1223473.cif,-0.6924695,-0.45154238,mp-1223473,0.002754709999999605,Stable,Stable
mp-777293.cif,-2.5074968,-2.4251592,mp-777293,0.078200095984851,Stable,Stable
mp-1103581.cif,-0.47032696,-0.25971633,mp-1103581,0.02866178000000552,Stable,Stable
mp-561055.cif,-2.9163737,-2.8055475,mp-561055,0.0009588383024832225,Stable,Stable
mp-572670.cif,-0.5940142,-0.72804374,mp-572670,0.006751941810000162,Stable,Stable
mp-10964.cif,-0.8729388,-0.61534715,mp-10964,0.0,Stable,Stable
mp-1190085.cif,-0.6345552,-0.5755861,mp-1190085,0.0,Stable,Stable
mp-557856.cif,-1.7313344,-1.9478177,mp-557856,0.0,Stable,Stable
mp-11654.cif,-2.0895774,-2.0836048,mp-11654,0.04684053277777789,Stable,Stable
mp-1008527.cif,-0.7824792,-0.42388383,mp-1008527,0.3234096225520844,Stable,Stable
mp-20278.cif,0.14532271,0.4688544,mp-20278,0.9073448400000004,Unstable,Unstable
mp-683990.cif,-2.881833,-2.7548125,mp-683990,0.0,Stable,Stable
mp-1217026.cif,-0.85839206,-0.714022,mp-1217026,0.06008259083333378,Stable,Stable
mp-752851.cif,-3.457478,-3.2474189,mp-752851,0.014285273472220084,Stable,Stable
mp-1102943.cif,-3.14943,-2.8155873,mp-1102943,0.0,Stable,Stable
mp-16432.cif,-3.4810596,-3.2447643,mp-16432,0.0,Stable,Stable
mp-1200533.cif,-0.6830076,-0.54148453,mp-1200533,0.0,Stable,Stable
mp-560751.cif,-2.6034694,-2.5714345,mp-560751,0.010616779906243323,Stable,Stable
mp-1226151.cif,-2.9631448,-2.868871,mp-1226151,0.0,Stable,Stable
mp-778965.cif,-2.5386724,-2.4231815,mp-778965,0.08427213279411916,Stable,Stable
mp-1213975.cif,-0.705306,-0.46064734,mp-1213975,0.0,Stable,Stable
mp-1203229.cif,-1.1845152,-1.2891533,mp-1203229,0.46483366809782467,Stable,Stable
mp-1225334.cif,-0.44249415,-0.34097221,mp-1225334,0.19040303145833537,Stable,Stable
mp-1179440.cif,-0.31399828,-0.16404827,mp-1179440,0.15691705233333408,Stable,Stable
mp-984728.cif,0.2197947,0.48102528,mp-984728,0.562633180104168,Unstable,Unstable
mp-8872.cif,-2.422277,-2.245914,mp-8872,0.0,Stable,Stable
mp-19131.cif,-2.6752343,-2.514294,mp-19131,0.0006656162500009444,Stable,Stable
mp-770749.cif,-3.0501904,-2.8742437,mp-770749,0.08697478659090585,Stable,Stable
mp-1063752.cif,-0.28162542,-0.21550481,mp-1063752,0.21355027500000112,Stable,Stable
mp-1208857.cif,-3.9405885,-3.7546062,mp-1208857,0.006883591785717513,Stable,Stable
mp-1201886.cif,-0.6947801,-0.63294303,mp-1201886,0.0,Stable,Stable
mp-1033319.cif,-2.383492,-2.2226737,mp-1033319,0.6242465603124989,Stable,Stable
mp-1105562.cif,-0.37320668,-0.32447198,mp-1105562,0.0,Stable,Stable
mp-556123.cif,-3.5779943,-3.339276,mp-556123,0.006372859671044395,Stable,Stable
mp-558181.cif,-3.0347986,-2.9118907,mp-558181,0.0,Stable,Stable
mp-1095117.cif,-0.41674423,-0.35972896,mp-1095117,0.13122379600000045,Stable,Stable
mp-23087.cif,-3.0898361,-2.916346,mp-23087,0.011358889453133791,Stable,Stable
mp-510535.cif,-2.9039927,-2.8290198,mp-510535,0.005068083750000341,Stable,Stable
mp-775238.cif,-2.2996607,-2.267712,mp-775238,0.061246248778410006,Stable,Stable
mp-6760.cif,-3.5780716,-3.387307,mp-6760,0.0,Stable,Stable
mp-1095058.cif,-0.5677064,-0.29209268,mp-1095058,0.14791434599999942,Stable,Stable
mp-1100876.cif,-3.6463938,-3.4457633,mp-1100876,0.07649623866666744,Stable,Stable
mp-1191368.cif,-0.64896894,-0.5315878,mp-1191368,0.0,Stable,Stable
mp-1080104.cif,-0.9923684,-0.7211349,mp-1080104,0.0,Stable,Stable
mp-1018633.cif,-0.8902589,-0.78325063,mp-1018633,0.16968911549999177,Stable,Stable
mp-22471.cif,-0.70843434,-0.5286005,mp-22471,0.0,Stable,Stable
mp-1198025.cif,-0.108715996,-0.23122825,mp-1198025,0.0,Stable,Stable
mp-1192421.cif,-2.5172672,-2.287973,mp-1192421,0.0006048655026313909,Stable,Stable
mp-1216004.cif,-0.68497884,-0.57668865,mp-1216004,0.02430711492283777,Stable,Stable
mp-559574.cif,-3.0095534,-2.8136108,mp-559574,0.0,Stable,Stable
mp-569726.cif,-0.3285151,-0.1982414,mp-569726,0.05158441036344996,Stable,Stable
mp-1407206.cif,-0.48487645,-0.40169442,mp-1407206,0.04688856583333223,Stable,Stable
mp-1190919.cif,-0.74342275,-0.44128776,mp-1190919,0.0,Stable,Stable
mp-1202698.cif,-0.3649341,-0.39570126,mp-1202698,0.0,Stable,Stable
mp-778857.cif,-2.5254467,-2.4377196,mp-778857,0.06873312838889056,Stable,Stable
mp-1214606.cif,-3.238982,-3.1167455,mp-1214606,0.011135229717742945,Stable,Stable
mp-11219.cif,-0.88393915,-0.777081,mp-11219,0.0,Stable,Stable
mp-1031931.cif,-2.8916733,-2.5863414,mp-1031931,0.4773028193940947,Stable,Stable
mp-890764.cif,-0.8593161,0.10781475,mp-890764,2.61117412537879,Unstable,Stable
mp-1017263.cif,0.27243096,0.22258611,mp-1017263,0.378931905078125,Unstable,Unstable
mp-768961.cif,-3.2486613,-3.0389688,mp-768961,0.0004887056111151367,Stable,Stable
mp-571352.cif,-0.5238793,-0.39151686,mp-571352,0.07931735776785587,Stable,Stable
mp-1034243.cif,-2.8521304,-2.525189,mp-1034243,0.38942598533724393,Stable,Stable
mp-24136.cif,-0.64723384,-0.4252171,mp-24136,0.0,Stable,Stable
mp-1202237.cif,-0.3845334,-0.42046952,mp-1202237,0.04322986011513397,Stable,Stable
mp-1215263.cif,-0.70778936,-0.50978935,mp-1215263,0.04571021453124757,Stable,Stable
mp-1019723.cif,-2.5610647,-2.3271537,mp-1019723,0.006494925784306993,Stable,Stable
mp-756053.cif,-2.2739847,-2.2047865,mp-756053,0.18122334750000135,Stable,Stable
mp-1224503.cif,-0.7608472,-0.53514415,mp-1224503,0.0005167390000018202,Stable,Stable
mp-1189895.cif,-0.85266125,-0.4819079,mp-1189895,0.0015612477777793288,Stable,Stable
mp-759585.cif,-2.2670915,-2.2501874,mp-759585,0.07173139746364754,Stable,Stable
mp-1026603.cif,0.10954076,0.22302404,mp-1026603,0.26756359544270647,Unstable,Unstable
mp-23131.cif,-1.9937702,-1.7079725,mp-23131,0.07692378888889007,Stable,Stable
mp-1208153.cif,0.22261472,0.57697093,mp-1208153,1.047963926875001,Unstable,Unstable
mp-6486.cif,-3.1908312,-3.1212866,mp-6486,0.0,Stable,Stable
mp-778403.cif,-2.5209925,-2.4296181,mp-778403,0.07374134931818332,Stable,Stable
mp-637.cif,-0.8093277,-0.65948236,mp-637,0.0,Stable,Stable
mp-1191016.cif,-0.8180797,-0.63960266,mp-1191016,0.0,Stable,Stable
mp-760268.cif,-2.3276787,-2.2868702,mp-760268,0.04881502914583802,Stable,Stable
mp-6419.cif,-3.399278,-3.1941447,mp-6419,0.0010242946794907226,Stable,Stable
mp-1199892.cif,-2.7488284,-2.6423187,mp-1199892,0.004325527430518505,Stable,Stable
mp-29725.cif,-1.0109085,-0.76547503,mp-29725,0.0,Stable,Stable
mp-1019789.cif,-2.101253,-2.2123618,mp-1019789,0.0,Stable,Stable
mp-1199920.cif,-0.14586379,-0.021035325,mp-1199920,0.10983636340124292,Stable,Stable
mp-1187494.cif,-0.7943455,-0.8391615,mp-1187494,1.1100852811666657,Stable,Stable
mp-1197401.cif,-2.715763,-2.5590816,mp-1197401,0.0,Stable,Stable
mp-1225198.cif,-0.53877574,-0.3745607,mp-1225198,0.06480008035714313,Stable,Stable
mp-10044.cif,-0.24557616,-0.041637115,mp-10044,0.08038976749999982,Stable,Stable
mp-1199947.cif,-2.9550524,-2.8276,mp-1199947,0.08595892762502366,Stable,Stable
mp-20109.cif,-0.6775094,-0.5974299,mp-20109,0.0,Stable,Stable
mp-1216407.cif,-0.54961705,-0.5333673,mp-1216407,0.07339346277777636,Stable,Stable
mp-1103146.cif,-1.1998163,-1.1244806,mp-1103146,0.0,Stable,Stable
mp-7337.cif,-3.455597,-3.2343712,mp-7337,0.010967771760430622,Stable,Stable
mp-1024989.cif,-0.61784375,-0.4866547,mp-1024989,0.06645190401515233,Stable,Stable
mp-569116.cif,-0.84937155,-0.724685,mp-569116,0.0,Stable,Stable
mp-1104594.cif,0.8320903,0.4129,mp-1104594,0.7974495308333349,Unstable,Unstable
mp-1020643.cif,-2.8425112,-2.638003,mp-1020643,0.0,Stable,Stable
mp-1104274.cif,-0.33707392,-0.33498585,mp-1104274,0.04026467573076875,Stable,Stable
mp-1209395.cif,-1.7342861,-1.480634,mp-1209395,0.0,Stable,Stable
mp-1025068.cif,-0.8142262,-0.7180019,mp-1025068,0.01308953716665684,Stable,Stable
mp-561018.cif,-3.1768956,-3.016049,mp-561018,0.0,Stable,Stable
mp-865047.cif,-0.76318765,-0.6077664,mp-865047,0.0,Stable,Stable
mp-1026426.cif,0.49599016,0.42822537,mp-1026426,0.4639299417968754,Unstable,Unstable
mp-973877.cif,-2.5281878,-2.2314746,mp-973877,1.1269523429791644,Stable,Stable
mp-983230.cif,0.9207282,0.7340982,mp-983230,0.734098197083334,Unstable,Unstable
mp-3603.cif,-1.8541355,-1.5515597,mp-3603,0.0,Stable,Stable
mp-6032.cif,-3.3580287,-3.2073565,mp-6032,0.0,Stable,Stable
mp-613327.cif,-0.7853114,-0.376667,mp-613327,0.05015344200000271,Stable,Stable
mp-6446.cif,-3.501951,-3.3122995,mp-6446,0.014896854047618646,Stable,Stable
mp-972380.cif,-0.7229972,-0.6627,mp-972380,0.0,Stable,Stable
mp-642871.cif,-3.1306624,-2.7780988,mp-642871,0.07311687167988623,Stable,Stable
mp-707151.cif,-1.7972722,-1.7056783,mp-707151,0.01832841931198903,Stable,Stable
mp-29954.cif,-1.9427841,-1.7900461,mp-29954,0.0,Stable,Stable
mp-1145.cif,-1.1565226,-1.099568,mp-1145,0.0,Stable,Stable
mp-672322.cif,-0.9557532,-0.6110867,mp-672322,0.0,Stable,Stable
mp-2223622.cif,-2.8678863,-2.7215998,mp-2223622,0.12200689776785723,Stable,Stable
mp-1020025.cif,-2.9316425,-2.7723107,mp-1020025,0.045089810277806563,Stable,Stable
mp-779023.cif,-2.5258899,-2.4238157,mp-779023,0.07954353272727488,Stable,Stable
mp-978496.cif,0.3671437,0.24630187,mp-978496,0.2816218045000003,Unstable,Unstable
mp-1202819.cif,-3.1171706,-2.9502418,mp-1202819,0.0,Stable,Stable
mp-1209703.cif,-0.645697,-0.33657616,mp-1209703,0.3845587634999985,Stable,Stable
mp-631540.cif,0.9145257,0.7392054,mp-631540,0.932724487881945,Unstable,Unstable
mp-3846.cif,-0.6943146,-0.57761157,mp-3846,0.14408425519999923,Stable,Stable
mp-753056.cif,-3.6230507,-3.4678202,mp-753056,0.08923376399999938,Stable,Stable
mp-531006.cif,-2.728575,-2.6513662,mp-531006,0.10143650616170419,Stable,Stable
mp-764508.cif,-2.2850237,-2.2658565,mp-764508,0.06310199241477399,Stable,Stable
mp-4073.cif,-0.6984987,-0.5088066,mp-4073,0.0,Stable,Stable
mp-960.cif,-0.46707678,-0.2925362,mp-960,0.15610493166666828,Stable,Stable
mp-1016648.cif,0.6208104,0.42383128,mp-1016648,0.549390001875,Unstable,Unstable
mp-631549.cif,1.8205552,1.2317456,mp-631549,2.045381313749999,Unstable,Unstable
mp-761255.cif,-2.2468839,-2.2241054,mp-761255,0.08382349785714815,Stable,Stable
mp-17672.cif,-3.0558934,-2.9444935,mp-17672,0.0,Stable,Stable
mp-505489.cif,-2.3983924,-2.0493495,mp-505489,0.0,Stable,Stable
mp-1204859.cif,-0.05707618,-0.13962571,mp-1204859,0.010427168825755118,Stable,Stable
mp-1060281.cif,-0.59558535,-0.60740334,mp-1060281,0.8055756825000007,Stable,Stable
mp-1102298.cif,-1.1385163,-0.8314096,mp-1102298,0.0,Stable,Stable
mp-1032694.cif,-2.6980793,-2.454866,mp-1032694,0.42224222553340507,Stable,Stable
mp-1219077.cif,-0.49967217,-0.3328129,mp-1219077,0.17402284812500213,Stable,Stable
mp-1216398.cif,-0.77519953,-0.6526934,mp-1216398,0.0025949025000002734,Stable,Stable
mp-760461.cif,-3.7296166,-3.54039,mp-760461,0.028761409000001237,Stable,Stable
mp-1207530.cif,-0.5949779,-0.4257076,mp-1207530,0.0,Stable,Stable
mp-764547.cif,-2.2993217,-2.2680883,mp-764547,0.060870171278410545,Stable,Stable
mp-24798.cif,-0.7104663,-0.5060404,mp-24798,0.08240276714285688,Stable,Stable
mp-542143.cif,-2.5937033,-2.3274548,mp-542143,0.0014655592463164169,Stable,Stable
mp-2617.cif,-0.2072584,-0.2596644,mp-2617,0.008754007857142199,Stable,Stable
mp-571209.cif,-0.65407366,-0.36567044,mp-571209,0.02495004602941009,Stable,Stable
mp-1196077.cif,-0.84636617,-0.72631264,mp-1196077,0.18864719240123407,Stable,Stable
mp-761277.cif,-2.3013887,-2.2649367,mp-761277,0.06402162355113727,Stable,Stable
mp-766960.cif,-2.3773174,-2.3183692,mp-766960,0.01514131679578945,Stable,Stable
mp-1203334.cif,-0.19389093,-0.32201028,mp-1203334,0.08292474654761861,Stable,Stable
mp-1223681.cif,-0.65341425,-0.32531923,mp-1223681,0.12692067948617147,Stable,Stable
mp-1228732.cif,0.25029784,-0.020787802,mp-1228732,0.45020519666666825,Stable,Unstable
mp-7559.cif,-0.7232243,-0.4756237,mp-7559,0.0,Stable,Stable
mp-2765.cif,0.2667519,0.44447106,mp-2765,0.8177980396875029,Unstable,Unstable
mp-781617.cif,-2.59386,-2.4778936,mp-781617,0.033420162214293114,Stable,Stable
mp-764459.cif,-2.3480034,-2.3053322,mp-764459,0.03103694119566569,Stable,Stable
mp-571428.cif,-0.42231488,-0.37792417,mp-571428,0.0,Stable,Stable
mp-1226734.cif,-0.92566454,-0.5712543,mp-1226734,0.0,Stable,Stable
mp-1228672.cif,-0.09969167,-0.37363574,mp-1228672,0.0,Stable,Stable
mp-12985.cif,-0.6071112,-0.3263988,mp-12985,0.05984807805555814,Stable,Stable
mp-1188616.cif,-0.6755567,-0.45038185,mp-1188616,3.041833333661259e-05,Stable,Stable
mp-1201949.cif,0.021148615,0.24617387,mp-1201949,0.32544114785564027,Unstable,Unstable
mp-556474.cif,-3.2795167,-3.0441165,mp-556474,0.008752848035715743,Stable,Stable
mp-623787.cif,-2.9187956,-2.7953835,mp-623787,0.0005399356451611936,Stable,Stable
mp-696656.cif,-2.1454926,-2.066943,mp-696656,0.0,Stable,Stable
mp-18024.cif,-0.3265378,-0.18781577,mp-18024,0.002711930357143899,Stable,Stable
mp-24799.cif,-0.7357707,-0.5178658,mp-24799,0.07881435499999956,Stable,Stable
mp-1217997.cif,-0.6528538,-0.5079753,mp-1217997,0.005786159366667931,Stable,Stable
mp-1182326.cif,-2.9422436,-2.812967,mp-1182326,0.06972475241900611,Stable,Stable
mp-768290.cif,-2.4898558,-2.25966,mp-768290,0.09088562437499981,Stable,Stable
mp-761256.cif,-2.265773,-2.2241423,mp-761256,0.08378634404762408,Stable,Stable
mp-15709.cif,-0.753505,-0.53021777,mp-15709,0.0,Stable,Stable
mp-560911.cif,-2.5679388,-2.6430216,mp-560911,0.0,Stable,Stable
mp-1197631.cif,-0.060942158,-0.05548255,mp-1197631,0.026666843167568288,Stable,Stable
mp-1189650.cif,-2.5928807,-2.5773375,mp-1189650,0.017246355250000178,Stable,Stable
mp-17823.cif,-0.6406752,-0.6727081,mp-17823,0.0,Stable,Stable
mp-1027937.cif,0.1493033,0.20549883,mp-1027937,0.2641943607812496,Unstable,Unstable
mp-1222009.cif,-2.9348052,-2.769432,mp-1222009,0.0,Stable,Stable
mp-13252.cif,-2.8827677,-2.614626,mp-13252,0.0,Stable,Stable
mp-558358.cif,-3.0729308,-2.9709218,mp-558358,0.0,Stable,Stable
mp-1212149.cif,-3.5061288,-3.2504904,mp-1212149,0.007054460578125088,Stable,Stable
mp-1215922.cif,-1.0460556,-0.79614466,mp-1215922,0.07623186124999926,Stable,Stable
mp-1211036.cif,-0.90303355,-0.7580003,mp-1211036,0.0,Stable,Stable
mp-1214604.cif,-2.0658114,-1.6821246,mp-1214604,0.5834143723275851,Stable,Stable
mp-3582.cif,-0.33479172,-0.22850934,mp-3582,0.0,Stable,Stable
mp-604486.cif,-0.36292648,-0.3876706,mp-604486,0.11607510569443846,Stable,Stable
mp-1192144.cif,-1.758569,-1.5733794,mp-1192144,0.0,Stable,Stable
mp-559104.cif,-3.3609042,-3.1873431,mp-559104,0.012198551785713718,Stable,Stable
mp-556046.cif,-2.9099462,-2.7691486,mp-556046,0.0,Stable,Stable
mp-1199844.cif,-3.3425877,-3.383667,mp-1199844,0.0,Stable,Stable
mp-1104122.cif,-0.23778208,-0.28628895,mp-1104122,0.1521638876923106,Stable,Stable
mp-764651.cif,-2.2904172,-2.266894,mp-764651,0.06206428582386536,Stable,Stable
mp-1106184.cif,-0.40103906,-0.24879548,mp-1106184,0.006082310000000035,Stable,Stable
mp-1025041.cif,-0.65045583,-0.5211092,mp-1025041,0.10538948819443306,Stable,Stable
mp-764514.cif,-2.2967885,-2.261332,mp-764514,0.0676263101420469,Stable,Stable
mp-1190456.cif,-0.0673142,-0.13908467,mp-1190456,0.010968215340906973,Stable,Stable
mp-1212596.cif,-3.458094,-3.1426284,mp-1212596,0.0,Stable,Stable
mp-1194177.cif,-0.5039851,-0.37038332,mp-1194177,0.0,Stable,Stable
mp-770506.cif,-2.7596755,-2.539807,mp-770506,0.05877124916666787,Stable,Stable
mp-1019569.cif,-2.7235365,-2.653663,mp-1019569,0.0,Stable,Stable
mp-1077393.cif,-0.86527276,-0.6948532,mp-1077393,0.0,Stable,Stable
mp-1220544.cif,0.0044308305,-0.0751794,mp-1220544,0.005081508915441901,Stable,Unstable
mp-13514.cif,-3.6476943,-3.4655488,mp-13514,0.0013575665000011838,Stable,Stable
mp-570529.cif,-0.948516,-0.6185335,mp-570529,0.0,Stable,Stable
mp-571655.cif,0.39370668,0.7712547,mp-571655,0.9018273573333344,Unstable,Unstable
mp-1192799.cif,-0.25989953,-0.3088684,mp-1192799,0.0,Stable,Stable
mp-6803.cif,-3.5064056,-3.3400085,mp-6803,0.0008192816666667824,Stable,Stable
mp-1201361.cif,-0.35256523,-0.35934365,mp-1201361,0.12635767460000125,Stable,Stable
mp-10854.cif,-0.68676084,-0.5490917,mp-10854,0.0,Stable,Stable
mp-1019717.cif,-1.7616827,-2.0171561,mp-1019717,0.0,Stable,Stable
mp-863007.cif,-1.2680209,-1.2434844,mp-863007,0.43406940281882456,Stable,Stable
mp-999120.cif,-0.34997153,-0.25349498,mp-999120,0.16274782909090746,Stable,Stable
mp-1187853.cif,-0.7369478,-0.5378195,mp-1187853,0.0007136691666715933,Stable,Stable
mp-1203485.cif,-2.6282496,-2.5503798,mp-1203485,0.0,Stable,Stable
mp-579614.cif,-1.4603145,-1.2018863,mp-579614,0.0,Stable,Stable
mp-14398.cif,-3.164672,-2.837427,mp-14398,0.0,Stable,Stable
mp-1192512.cif,-0.35627764,-0.31850278,mp-1192512,0.0,Stable,Stable
mp-15956.cif,-0.27198347,-0.028917681,mp-15956,0.41823388055555544,Stable,Stable
mp-941221.cif,-0.4727558,-0.34603673,mp-941221,0.05524178153138326,Stable,Stable
mp-1245193.cif,-0.84860015,-0.59666246,mp-1245193,0.8163165053999997,Stable,Stable
mp-974392.cif,-0.821077,-0.64004016,mp-974392,0.0,Stable,Stable
mp-11610.cif,-0.19591987,-0.17411207,mp-11610,0.02838616088709678,Stable,Stable
mp-561525.cif,-2.6769516,-2.525803,mp-561525,0.0,Stable,Stable
mp-601223.cif,1.012466,1.1490241,mp-601223,2.5620031374999996,Unstable,Unstable
mp-1210701.cif,-0.22758995,-0.30341306,mp-1210701,0.09810739662202383,Stable,Stable
mp-1200581.cif,-2.3786116,-2.2818875,mp-1200581,0.006536106190472957,Stable,Stable
mp-1215903.cif,-0.8019806,-0.49587196,mp-1215903,1.2104261887499987,Stable,Stable
mp-1208492.cif,-0.7380193,-0.40776208,mp-1208492,0.33676273349999963,Stable,Stable
mp-1182660.cif,-2.1903973,-2.1492026,mp-1182660,0.3063120674074078,Stable,Stable
mp-1078268.cif,-0.4333138,-0.37441722,mp-1078268,0.0,Stable,Stable
mp-1190704.cif,-0.49000418,-0.40675446,mp-1190704,0.00521501816918768,Stable,Stable
mp-1224582.cif,-2.924481,-2.8054123,mp-1224582,0.0023986893441403367,Stable,Stable
mp-1097791.cif,-0.2821466,-0.2112425,mp-1097791,0.3025680420454524,Stable,Stable
mp-1190680.cif,-0.26655215,-0.34554052,mp-1190680,0.0039022957575758355,Stable,Stable
mp-1193912.cif,-0.5688589,-0.425774,mp-1193912,0.0,Stable,Stable
mp-1220232.cif,-1.7908497,-1.7988316,mp-1220232,0.05569618888887096,Stable,Stable
mp-1219983.cif,0.025037907,-0.048371255,mp-1219983,0.00862439993872588,Stable,Unstable
mp-978855.cif,1.1708186,0.93104386,mp-978855,0.9310438489583319,Unstable,Unstable
mp-1036083.cif,-2.991648,-2.7355828,mp-1036083,0.2221258233917034,Stable,Stable
mp-1209651.cif,-0.691459,-0.52082485,mp-1209651,0.0,Stable,Stable
mp-759371.cif,-2.3122597,-2.2602265,mp-759371,0.06873202059659178,Stable,Stable
mp-30126.cif,-1.315784,-1.2734494,mp-30126,0.0,Stable,Stable
mp-973524.cif,-0.99674666,-0.78240585,mp-973524,0.0,Stable,Stable
mp-1195615.cif,-2.8121896,-2.7117784,mp-1195615,0.03507008045832194,Stable,Stable
mp-1106229.cif,-0.7085518,-0.55337906,mp-1106229,0.0,Stable,Stable
mp-1183242.cif,-0.6080033,-0.5565497,mp-1183242,1.2187017236666664,Stable,Stable
mp-776581.cif,-2.4849312,-2.4314833,mp-776581,0.0759702558823534,Stable,Stable
mp-1080829.cif,-1.0067149,-0.66778535,mp-1080829,0.0,Stable,Stable
mp-1105098.cif,-0.31703284,-0.358884,mp-1105098,0.14728032211538444,Stable,Stable
mp-7283.cif,-0.9423152,-0.62748057,mp-7283,0.0,Stable,Stable
mp-1195284.cif,-0.18926907,-0.3154274,mp-1195284,0.0,Stable,Stable
mp-1197355.cif,-0.6197833,-0.47696894,mp-1197355,0.0,Stable,Stable
mp-1198121.cif,-1.5308214,-1.1834596,mp-1198121,0.8074685613636348,Stable,Stable
mp-1227102.cif,-0.042874143,-0.08874244,mp-1227102,0.022102358017239254,Stable,Stable
mp-14696.cif,-0.8643758,-0.6856307,mp-14696,0.0,Stable,Stable
mp-1019529.cif,-3.5026145,-3.2479615,mp-1019529,0.0,Stable,Stable
mp-696849.cif,-1.3130307,-1.289134,mp-696849,0.32758142020832715,Stable,Stable
mp-1228665.cif,-0.14524132,-0.08821138,mp-1228665,0.13249513083333042,Stable,Stable
mp-1030985.cif,-2.508981,-2.412651,mp-1030985,0.6501226095965507,Stable,Stable
mp-558828.cif,-3.0476508,-2.8775654,mp-558828,0.0,Stable,Stable
mp-768487.cif,-2.5960293,-2.4533527,mp-768487,0.10404033541666724,Stable,Stable
mp-1028436.cif,0.19752799,0.20021823,mp-1028436,0.23740876093749996,Unstable,Unstable
mp-1213771.cif,-0.32792717,-0.20153843,mp-1213771,0.05617830659091183,Stable,Stable
mp-770825.cif,-2.5658014,-2.4727302,mp-770825,0.013018377083334975,Stable,Stable
mp-30105.cif,-0.8658952,-0.876353,mp-30105,0.0,Stable,Stable
mp-1202742.cif,-3.774592,-3.5291224,mp-1202742,0.020745000664685875,Stable,Stable
mp-637575.cif,-0.48947477,-0.36287728,mp-637575,0.0,Stable,Stable
mp-12954.cif,-0.5315337,-0.59220994,mp-12954,0.0,Stable,Stable
mp-1189672.cif,-0.92036617,-0.9115141,mp-1189672,0.24751830277777565,Stable,Stable
mp-557364.cif,-3.1737256,-2.890807,mp-557364,0.0,Stable,Stable
mp-772630.cif,-2.6623402,-2.6046147,mp-772630,0.06408186312500419,Stable,Stable
mp-557467.cif,-3.0032232,-2.7781162,mp-557467,0.0,Stable,Stable
mp-1181701.cif,-1.3911333,-0.88148165,mp-1181701,0.7623228813480365,Stable,Stable
mp-7817.cif,-0.46794844,-0.25945997,mp-7817,0.0,Stable,Stable
mp-675926.cif,-0.50732136,-0.4054575,mp-675926,0.04312549166666635,Stable,Stable
mp-8000.cif,-3.086471,-2.832877,mp-8000,0.0,Stable,Stable
mp-1224283.cif,-1.0432557,-0.87684107,mp-1224283,0.0,Stable,Stable
mp-1034664.cif,-2.9626412,-2.734092,mp-1034664,0.30802410716290574,Stable,Stable
mp-1222241.cif,-3.3546417,-3.1272666,mp-1222241,0.012193285892835526,Stable,Stable
mp-22266.cif,-0.74505657,-0.48994678,mp-22266,0.0,Stable,Stable
mp-11183.cif,-3.2930346,-3.1583824,mp-11183,0.0,Stable,Stable
mp-28786.cif,-0.34533262,-0.35087466,mp-28786,0.0,Stable,Stable
mp-1020632.cif,-2.9893625,-2.7812164,mp-1020632,0.025289893302482547,Stable,Stable
mp-9244.cif,-0.53462976,-0.37430805,mp-9244,0.0,Stable,Stable
mp-768812.cif,-2.558934,-2.4172049,mp-768812,0.08023428805554289,Stable,Stable
mp-683922.cif,-2.9061158,-2.7342033,mp-683922,0.10577165606382977,Stable,Stable
mp-1017056.cif,0.6038107,0.49862865,mp-1017056,0.5885561828124999,Unstable,Unstable
mp-1227425.cif,-0.73400074,-0.7182402,mp-1227425,0.004932426071428964,Stable,Stable
mp-558455.cif,-2.5333934,-2.4331572,mp-558455,0.0,Stable,Stable
mp-1207921.cif,-0.35810345,-0.16827497,mp-1207921,0.06831433625000294,Stable,Stable
mp-1102752.cif,-0.42688894,-0.30734658,mp-1102752,0.015668136217949602,Stable,Stable
mp-20787.cif,-0.45886225,-0.37156263,mp-20787,0.016383868750000197,Stable,Stable
mp-1226219.cif,-0.40950924,-0.29365215,mp-1226219,0.09566120500000075,Stable,Stable
mp-1188251.cif,-0.39697456,-0.33008862,mp-1188251,0.0,Stable,Stable
mp-755783.cif,-3.0514646,-2.882875,mp-755783,0.0783434161363612,Stable,Stable
mp-768711.cif,-2.3866413,-2.4365811,mp-768711,0.05824081722221752,Stable,Stable
mp-1193129.cif,-0.4537568,-0.3686682,mp-1193129,0.0,Stable,Stable
mp-768521.cif,-2.613402,-2.3559718,mp-768521,0.10483567047222486,Stable,Stable
mp-23612.cif,-2.8276272,-2.7355049,mp-23612,0.024446260055523084,Stable,Stable
mp-21551.cif,-0.27843112,-0.2500876,mp-21551,0.0,Stable,Stable
mp-631528.cif,1.5173901,0.89591813,mp-631528,1.5398544802604182,Unstable,Unstable
mp-1208351.cif,-0.74285465,-0.5914924,mp-1208351,0.000615412954545036,Stable,Stable
mp-1195933.cif,-0.10963611,-0.21941972,mp-1195933,0.10224138229187929,Stable,Stable
mp-1204611.cif,-3.4113767,-3.5714483,mp-1204611,0.03958833510417392,Stable,Stable
mp-1197108.cif,-0.32167715,-0.31964865,mp-1197108,0.002635782065213199,Stable,Stable
mp-1202733.cif,-2.4825196,-2.2668588,mp-1202733,0.0,Stable,Stable
mp-1193562.cif,-0.47743762,-0.3402315,mp-1193562,0.0,Stable,Stable
mp-510243.cif,-1.2903107,-1.206342,mp-510243,0.001777052900002296,Stable,Stable
mp-7229.cif,0.0495705,0.05092408,mp-7229,0.4354736101190504,Unstable,Unstable
mp-555279.cif,-0.5755091,-0.8570007,mp-555279,0.0014029152777768061,Stable,Stable
mp-1103637.cif,-1.0875534,-0.67813015,mp-1103637,0.0,Stable,Stable
mp-753471.cif,-2.1451533,-2.050203,mp-753471,0.10149821749999521,Stable,Stable
mp-685043.cif,-0.52019906,-0.60942346,mp-685043,0.008914843611110612,Stable,Stable
mp-1100160.cif,0.33401132,0.36526194,mp-1100160,0.4132507984374998,Unstable,Unstable
mp-1247247.cif,-0.8414265,-0.41973433,mp-1247247,0.15961527883620974,Stable,Stable
mp-1104251.cif,0.18682568,0.21466704,mp-1104251,0.2146670335000005,Unstable,Unstable
mp-1221661.cif,-0.33002293,-0.29794443,mp-1221661,0.035679645833334384,Stable,Stable
mp-568748.cif,0.3982458,0.06611073,mp-568748,0.37360417499999965,Unstable,Unstable
mp-12315.cif,-3.6274195,-3.5240085,mp-12315,0.0,Stable,Stable
mp-19495.cif,-2.985517,-2.8692985,mp-19495,0.03851992331291143,Stable,Stable
mp-1099217.cif,-2.9303927,-2.6595926,mp-1099217,0.32444590666666606,Stable,Stable
mp-764904.cif,-2.3371992,-2.2794573,mp-764904,0.04950118218750177,Stable,Stable
mp-1198324.cif,-2.7343843,-2.6397705,mp-1198324,0.0,Stable,Stable
mp-561177.cif,-3.6131713,-3.3383284,mp-561177,0.006823297797611261,Stable,Stable
mp-554056.cif,-3.1717672,-3.0073986,mp-554056,0.01762928996325286,Stable,Stable
mp-759159.cif,-2.3144257,-2.2806182,mp-759159,0.055067085145838135,Stable,Stable
mp-1182415.cif,-0.46251225,-0.54472053,mp-1182415,0.3845885801562492,Stable,Stable
mp-1217340.cif,-0.68805474,-0.5664364,mp-1217340,0.014681677249996028,Stable,Stable
mp-1100399.cif,1.1243727,0.8752872,mp-1100399,1.4555748130555592,Unstable,Unstable
mp-973682.cif,-0.20525514,-0.21346264,mp-973682,0.017157454375000825,Stable,Stable
mp-1207931.cif,-2.299656,-2.4678087,mp-1207931,0.01289415745370448,Stable,Stable
mp-1221854.cif,-0.09467043,-0.10449088,mp-1221854,0.08192940629310552,Stable,Stable
mp-1188734.cif,-0.5438795,-0.41264975,mp-1188734,0.0,Stable,Stable
mp-1103438.cif,-0.77804023,-0.5662812,mp-1103438,0.002454742500010987,Stable,Stable
mp-1246929.cif,-1.875333,-1.692458,mp-1246929,0.018225015000002287,Stable,Stable
mp-561186.cif,-3.6128626,-3.350879,mp-561186,0.0,Stable,Stable
mp-764528.cif,-2.3384564,-2.2816484,mp-764528,0.05403672136806037,Stable,Stable
mp-561157.cif,-3.5281458,-3.3564672,mp-561157,0.020437793412696692,Stable,Stable
mp-1203749.cif,-0.015850239,-0.08649211,mp-1203749,0.13208579812499988,Stable,Stable
mp-556531.cif,-3.1721234,-3.061145,mp-556531,0.005015607458330962,Stable,Stable
mp-1194745.cif,-2.379077,-2.2380385,mp-1194745,0.11434774591463626,Stable,Stable
mp-1229225.cif,-0.25948125,-0.105090335,mp-1229225,0.25383371713999603,Stable,Stable
mp-1188234.cif,0.11177397,-0.26221043,mp-1188234,0.02968815999999208,Stable,Unstable
mp-1104448.cif,-2.4513335,-2.453035,mp-1104448,0.015084422976190837,Stable,Stable
mp-1215947.cif,-0.6097527,-0.5046864,mp-1215947,0.026723232777781547,Stable,Stable
mp-505055.cif,-0.6473564,-0.49039233,mp-505055,0.0,Stable,Stable
mp-6575.cif,-3.1898715,-3.0509841,mp-6575,0.0,Stable,Stable
mp-13151.cif,-1.4189024,-1.2338034,mp-13151,0.17917564625000004,Stable,Stable
mp-600191.cif,-0.23065954,-0.16042575,mp-600191,0.16723644784722236,Stable,Stable
mp-561514.cif,-3.0538006,-2.9485579,mp-561514,0.0,Stable,Stable
mp-1104546.cif,-0.6293793,-0.48625886,mp-1104546,0.0,Stable,Stable
mp-759622.cif,-2.3185666,-2.2710733,mp-759622,0.05788520127841057,Stable,Stable
mp-1216335.cif,-0.106378764,-0.10859112,mp-1216335,0.001971192794119503,Stable,Stable
mp-1246918.cif,-0.577879,-0.29244214,mp-1246918,0.30748695142856874,Stable,Stable
mp-1017053.cif,0.3688956,0.33311954,mp-1017053,0.3811083815624998,Unstable,Unstable
mp-1202304.cif,-0.6615257,-0.5945857,mp-1202304,0.0,Stable,Stable
mp-1201604.cif,-2.070678,-1.7217078,mp-1201604,0.1096971391071424,Stable,Stable
mp-1039849.cif,-3.308126,-2.889059,mp-1039849,0.08892448055769897,Stable,Stable
mp-1217964.cif,-0.6721525,-0.48664165,mp-1217964,0.006233564531250124,Stable,Stable
mp-1035090.cif,-3.0122256,-2.8333328,mp-1035090,0.1697070166406256,Stable,Stable
mp-706631.cif,-2.6241984,-2.5298607,mp-706631,0.0,Stable,Stable
mp-1210659.cif,-3.0558305,-2.8853393,mp-1210659,0.013923482578132251,Stable,Stable
mp-1222229.cif,-0.26698607,-0.115349784,mp-1222229,0.0,Stable,Stable
mp-758885.cif,-2.622629,-2.4828966,mp-758885,0.11188947277314476,Stable,Stable
mp-10061.cif,-0.7757337,-0.6995722,mp-10061,0.11476224599999796,Stable,Stable
mp-775976.cif,-2.1999712,-2.1426842,mp-775976,0.10078045662036494,Stable,Stable
mp-571369.cif,-0.40014297,-0.33374375,mp-571369,0.0,Stable,Stable
mp-631525.cif,0.96908545,0.887309,mp-631525,1.1096980614583316,Unstable,Unstable
mp-558534.cif,-3.6394706,-3.3761628,mp-558534,0.0,Stable,Stable
mp-768869.cif,-2.6774044,-2.5275457,mp-768869,0.09742208499999983,Stable,Stable
mp-10114.cif,-0.7291625,-0.5856188,mp-10114,0.0,Stable,Stable
mp-1022631.cif,0.21696134,0.30913132,mp-1022631,0.4265223721875002,Unstable,Unstable
mp-556740.cif,-3.0565474,-2.9106908,mp-556740,0.0011999991269844301,Stable,Stable
mp-2647006.cif,-0.4183917,-0.2269871,mp-2647006,0.04068618812500091,Stable,Stable
mp-10133.cif,-0.8184494,-0.6134863,mp-10133,0.0,Stable,Stable
mp-1207451.cif,-1.9803447,-1.9066517,mp-1207451,0.07285284875000375,Stable,Stable
mp-10858.cif,-0.7291534,-0.4216297,mp-10858,0.028003398999999263,Stable,Stable
mp-10811.cif,-1.3342558,-1.2186035,mp-10811,0.0,Stable,Stable
mp-680695.cif,-3.4483051,-3.251897,mp-680695,0.09019327250000231,Stable,Stable
mp-1199979.cif,-0.16433433,0.08542659,mp-1199979,1.2591315637754974,Unstable,Stable
mp-1215223.cif,-0.918984,-0.7702126,mp-1215223,0.04342858916666614,Stable,Stable
mp-1033841.cif,-2.9495025,-2.6321213,mp-1033841,0.355917380201614,Stable,Stable
mp-662570.cif,-3.630447,-3.5154462,mp-662570,0.02717049806817684,Stable,Stable
mp-8615.cif,-3.1279292,-2.9548059,mp-8615,0.0,Stable,Stable
mp-770344.cif,-2.8004665,-2.664956,mp-770344,0.068883836699559,Stable,Stable
mp-20524.cif,-0.988023,-0.767005,mp-20524,0.027839907777774897,Stable,Stable
mp-766507.cif,-2.4744499,-2.377616,mp-766507,0.03132863781249906,Stable,Stable
mp-8056.cif,-3.2852213,-3.1286013,mp-8056,0.0,Stable,Stable
mp-510697.cif,-0.54026556,-0.4340187,mp-510697,0.0,Stable,Stable
mp-1203923.cif,-2.312918,-2.1275675,mp-1203923,0.04240337273147876,Stable,Stable
mp-761265.cif,-2.2472596,-2.2263837,mp-761265,0.08154497214286316,Stable,Stable
mp-1191981.cif,-0.6584092,-0.6928441,mp-1191981,0.0,Stable,Stable
mp-1200496.cif,-3.0747237,-2.926992,mp-1200496,0.12751402275000157,Stable,Stable
