material_raw,true_eform,pred_eform,material_id,e_hull,true_label,pred_label
mp-1220643,-0.0800478458404541,-0.0725071430206298,mp-1220643,0.00826225000000047,Stable,Stable
mp-850950,-2.39003586769104,-2.265214681625366,mp-850950,0.09796064910156943,Stable,Stable
mp-1204932,-1.3380805253982544,-1.0912635326385498,mp-1204932,0.48289376960937336,Stable,Stable
mp-756186,-2.4264657497406006,-2.286427974700928,mp-756186,0.08868505166666552,Stable,Stable
mp-706631,-2.529860734939575,-2.429694652557373,mp-706631,0.0,Stable,Stable
mp-504627,-0.501022219657898,-0.4619866609573364,mp-504627,0.09200707902778138,Stable,Stable
mp-560899,-2.2708773612976074,-2.15994930267334,mp-560899,0.009811502500002511,Stable,Stable
mp-1173486,-3.451781749725342,-3.2856664657592773,mp-1173486,0.036507844000000844,Stable,Stable
mp-754325,-2.3012924194335938,-2.1956591606140137,mp-754325,0.03507665054349207,Stable,Stable
mp-567719,-0.3902033269405365,-0.3515338897705078,mp-567719,0.03497219336021473,Stable,Stable
mp-761857,-2.800929546356201,-2.647811889648437,mp-761857,0.08764134322447781,Stable,Stable
mp-1034284,-2.612828731536865,-2.541375160217285,mp-1034284,0.30178604146627563,Stable,Stable
mp-558805,-2.7995810508728027,-2.658700704574585,mp-558805,0.0,Stable,Stable
mp-559364,-2.6431281566619877,-2.455232620239258,mp-559364,0.0,Stable,Stable
mp-849568,-2.4740118980407715,-2.3390607833862305,mp-849568,0.03730192950000699,Stable,Stable
mp-770654,-2.301496982574463,-2.1991186141967773,mp-770654,0.07299038406249991,Stable,Stable
mp-726274,-1.75063157081604,-1.7846434116363523,mp-726274,0.5411153015833348,Stable,Stable
mp-1196351,-2.0031981468200684,-1.885656476020813,mp-1196351,0.012452851125010156,Stable,Stable
mp-773205,-2.49643874168396,-2.3923048973083496,mp-773205,0.09079794961806353,Stable,Stable
mp-1033729,-2.7030680179595947,-2.60418701171875,mp-1033729,0.2849708624596783,Stable,Stable
mp-1027782,0.2696149051189422,0.2813078165054321,mp-1027782,0.31810821546875,Unstable,Unstable
mp-1209806,-0.1083714812994003,-0.1235733032226562,mp-1209806,0.03285310751568016,Stable,Stable
mp-1238800,-0.1509131789207458,-0.142598271369934,mp-1238800,0.20701494000000054,Stable,Stable
mp-1225723,-0.6515913009643555,-0.6464468240737915,mp-1225723,0.000725370624999222,Stable,Stable
mp-979948,-0.5568762421607971,-0.5454901456832886,mp-979948,0.0,Stable,Stable
mp-1204785,-2.6063098907470703,-2.491811513900757,mp-1204785,0.0,Stable,Stable
mp-1191941,-0.6021814346313477,-0.6249785423278809,mp-1191941,0.0,Stable,Stable
mp-973540,-0.5524430871009827,-0.5497286319732666,mp-973540,0.004150117499998274,Stable,Stable
mp-23742,-2.126572847366333,-2.037036895751953,mp-23742,0.0,Stable,Stable
mp-779068,-2.5322482585906982,-2.387770891189575,mp-779068,0.08873935891951135,Stable,Stable
mp-775322,-2.2805564403533936,-2.163858652114868,mp-775322,0.05512879047917085,Stable,Stable
mp-1205377,0.4856143295764923,0.0750203132629394,mp-1205377,1.0255664422222281,Unstable,Unstable
mp-13765,-0.3668372631072998,-0.339638352394104,mp-13765,0.009677480972227315,Stable,Stable
mp-1193589,-0.2019937634468078,-0.1906225681304931,mp-1193589,0.029960702931033367,Stable,Stable
mp-1194333,-1.192939043045044,-0.9730623960494996,mp-1194333,1.2455542985336567,Stable,Stable
mp-555489,-3.566173553466797,-3.3821942806243896,mp-555489,0.01251001994791423,Stable,Stable
mp-30091,-0.4402782320976257,-0.3285313844680786,mp-30091,0.0,Stable,Stable
mp-761234,-2.2498719692230225,-2.143049955368042,mp-761234,0.0720467893241139,Stable,Stable
mp-1097047,-1.6169734001159668,-1.500443696975708,mp-1097047,0.06335902833332963,Stable,Stable
mp-1214927,-0.371210515499115,-0.6596261262893677,mp-1214927,1.5405305277148438,Stable,Stable
mp-631524,1.1409748792648315,0.7192189693450928,mp-631524,1.2027740964583344,Unstable,Unstable
mp-20874,-0.548947274684906,-0.3838332891464233,mp-20874,0.0,Stable,Stable
mp-10117,-0.3072892129421234,-0.283747911453247,mp-10117,0.0,Stable,Stable
mp-1215922,-0.7961446642875671,-0.7412656545639038,mp-1215922,0.07623186124999926,Stable,Stable
mp-561186,-3.350878953933716,-3.097334384918213,mp-561186,0.0,Stable,Stable
mp-1217003,-1.7312554121017456,-1.5879087448120115,mp-1217003,0.057822638217858824,Stable,Stable
mp-1202707,-0.2386267483234405,-0.1315370798110962,mp-1202707,0.034622232094907446,Stable,Stable
mp-1195203,-0.2256321609020233,-0.2190001010894775,mp-1195203,0.08395933241152331,Stable,Stable
mp-780112,-2.445142984390259,-2.306881666183472,mp-780112,0.06130978927777875,Stable,Stable
mp-556206,-3.018221139907837,-2.8776237964630127,mp-556206,0.0,Stable,Stable
mp-1190599,-0.5781554579734802,-0.5653021335601807,mp-1190599,0.0,Stable,Stable
mp-760457,-3.4372003078460693,-3.3176960945129395,mp-760457,0.08505931666666733,Stable,Stable
mp-1209829,-0.772743284702301,-0.7086241841316223,mp-1209829,0.0,Stable,Stable
mp-1196460,-2.204841375350952,-2.112610340118408,mp-1196460,0.008201045267852258,Stable,Stable
mp-1220806,-0.3324809670448303,-0.304158091545105,mp-1220806,0.0016493205172398717,Stable,Stable
mp-849514,-2.392022132873535,-2.271519422531128,mp-849514,0.09597453378906806,Stable,Stable
mp-1222763,-0.5705507397651672,-0.4778491258621216,mp-1222763,0.0016800114285704382,Stable,Stable
mp-1194254,-2.980851650238037,-2.927700996398926,mp-1194254,0.036986485256406354,Stable,Stable
mp-1217512,-0.208165094256401,-0.167407751083374,mp-1217512,0.0,Stable,Stable
mp-1025127,-0.4613511860370636,-0.4462674856185913,mp-1025127,0.041612061547610324,Stable,Stable
mp-1191380,-2.594036102294922,-2.4289751052856445,mp-1191380,0.011557017291671912,Stable,Stable
mp-771158,-3.1415674686431885,-2.977400779724121,mp-771158,0.0,Stable,Stable
mp-505537,-0.2325341999530792,-0.2940342426300049,mp-505537,0.0057081436206889435,Stable,Stable
mp-1200209,-2.8996193408966064,-2.800819396972656,mp-1200209,0.0,Stable,Stable
mp-1183440,0.8356224894523621,0.8804209232330322,mp-1183440,0.8356224979166669,Unstable,Unstable
mp-756306,-2.293455123901367,-2.2332119941711426,mp-756306,0.10920502754999806,Stable,Stable
mp-1106398,-0.4580948948860168,-0.5531786680221558,mp-1106398,0.0,Stable,Stable
mp-764815,-2.254590511322021,-2.1537325382232666,mp-764815,0.06732828467295082,Stable,Stable
mp-1189784,-0.5774824619293213,-0.5596877336502075,mp-1189784,0.013033559999998445,Stable,Stable
mp-570529,-0.6185334920883179,-0.6522977352142334,mp-570529,0.0,Stable,Stable
mp-1216445,-0.7163201570510864,-0.6764183044433594,mp-1216445,0.01781422050000714,Stable,Stable
mp-1026871,0.2403197735548019,0.2230722904205322,mp-1026871,0.25681083637500013,Unstable,Unstable
mp-759933,-2.465930938720703,-2.3523366451263428,mp-759933,0.11331288772727444,Stable,Stable
mp-768960,-2.360440254211426,-2.16025972366333,mp-768960,0.04684860387500045,Stable,Stable
mp-569404,-0.2751820981502533,-0.2972686290740967,mp-569404,0.002017770357143789,Stable,Stable
mp-568624,-0.4591341316699981,-0.4857187271118164,mp-568624,0.07693541758928113,Stable,Stable
mp-1199198,-2.9162166118621826,-2.796797752380371,mp-1199198,0.0,Stable,Stable
mp-1105839,-0.4748169779777527,-0.4587668180465698,mp-1105839,0.0,Stable,Stable
mp-1180507,0.1132205948233604,-0.0582557916641235,mp-1180507,0.20839703847222246,Unstable,Stable
mp-1202687,-1.9898279905319212,-1.7118444442749023,mp-1202687,0.11068177694196368,Stable,Stable
mp-3092,-0.4713993072509765,-0.4956023693084717,mp-3092,0.0,Stable,Stable
mp-7783,-0.4084499180316925,-0.3445488214492798,mp-7783,0.12365299200000202,Stable,Stable
mp-1206490,-0.6769611835479736,-0.5480054616928101,mp-1206490,0.0,Stable,Stable
mp-1079661,0.2252598851919174,0.1591196060180664,mp-1079661,0.24566185752604142,Unstable,Unstable
mp-1208346,-0.6000022292137146,-0.6128536462783813,mp-1208346,0.0,Stable,Stable
mp-1182037,-1.1812456846237185,-0.8521629571914673,mp-1182037,0.09717143318181876,Stable,Stable
mp-766660,-2.3101823329925537,-2.222151279449463,mp-766660,0.0233281670774792,Stable,Stable
mp-666728,0.7347487211227417,0.0172700881958007,mp-666728,0.8201706630434789,Unstable,Unstable
mp-1245057,-2.6512508392333984,-2.608121633529663,mp-1245057,0.1468054645333332,Stable,Stable
mp-1197285,-2.5519394874572754,-2.4758141040802,mp-1197285,0.0,Stable,Stable
mp-1332293,-0.5635749101638794,-0.575968861579895,mp-1332293,0.0028312288636351823,Stable,Stable
mp-1221963,0.4278159141540527,0.6786713600158691,mp-1221963,0.487961900833334,Unstable,Unstable
mp-3261,-3.1978347301483154,-3.0723876953125,mp-3261,0.0,Stable,Stable
mp-1201047,-3.7295737266540527,-3.4738149642944336,mp-1201047,0.004846908846156239,Stable,Stable
mp-780510,-2.392502784729004,-2.28169584274292,mp-780510,0.09549377972656892,Stable,Stable
mp-722237,-0.0986749157309532,0.0978932380676269,mp-722237,0.11148694522232816,Stable,Unstable
mp-568771,-0.6225599050521851,-0.564064621925354,mp-568771,0.0,Stable,Stable
mp-1189809,-2.815885066986084,-2.698932647705078,mp-1189809,0.1026162920000031,Stable,Stable
mp-1214219,-2.236545324325561,-2.290059328079224,mp-1214219,0.155361231167773,Stable,Stable
mp-1197003,-0.0826788991689682,-0.0813935995101928,mp-1197003,0.0,Stable,Stable
mp-22225,-3.367056131362915,-3.1974098682403564,mp-22225,0.0,Stable,Stable
mp-19475,-2.8849904537200928,-2.758929252624512,mp-19475,0.04683061274506706,Stable,Stable
mp-1030869,-2.339468002319336,-2.246557235717773,mp-1030869,0.590299858958331,Stable,Stable
mp-1097791,-0.2112424969673156,-0.2561377286911011,mp-1097791,0.3025680420454524,Stable,Stable
mp-1220656,-0.0337544158101081,-0.0638948678970336,mp-1220656,0.0028235511948526693,Stable,Stable
mp-863006,-1.965920090675354,-1.848691463470459,mp-863006,0.0,Stable,Stable
mp-2647155,-0.4606920778751373,-0.407281756401062,mp-2647155,0.009406646136358887,Stable,Stable
mp-666026,-3.0907254219055176,-2.926478385925293,mp-666026,0.02983511272727224,Stable,Stable
mp-1196257,-0.4137076437473297,-0.2608630657196045,mp-1196257,0.0,Stable,Stable
mp-16457,-2.472332715988159,-2.3916449546813965,mp-16457,0.0,Stable,Stable
mp-1202477,-2.523236036300659,-2.3046534061431885,mp-1202477,0.2076005039854527,Stable,Stable
mp-29981,-0.6846823692321777,-0.6740000247955322,mp-29981,0.0,Stable,Stable
mp-1192274,-0.4659437835216522,-0.4045445919036865,mp-1192274,0.028918483181810117,Stable,Stable
mp-1214836,-0.2341248095035553,-0.0270031690597534,mp-1214836,0.003008840238095445,Stable,Stable
mp-23758,-0.4178054928779602,-0.4113928079605102,mp-23758,0.0022197137500032937,Stable,Stable
mp-882580,-2.2294936180114746,-2.122251033782959,mp-882580,0.07843520523810099,Stable,Stable
mp-13590,-0.1587266772985458,-0.1070318222045898,mp-13590,0.3406379002499982,Stable,Stable
mp-558293,-2.806180715560913,-2.6867616176605225,mp-558293,0.0,Stable,Stable
mp-28490,-0.4005686640739441,-0.4798691272735595,mp-28490,0.0,Stable,Stable
mp-721727,-1.5129849910736084,-1.3253133296966553,mp-721727,0.0086295122548945,Stable,Stable
mp-20302,-2.0571179389953613,-1.9559863805770876,mp-20302,0.0213711825000118,Stable,Stable
mp-28893,-0.0035027812700718,-0.1785711050033569,mp-28893,0.35085773275000065,Stable,Stable
mp-1106148,-0.1993632614612579,-0.2105470895767212,mp-1106148,0.0174883957894707,Stable,Stable
mp-1017241,0.1950863599777221,0.1567392349243164,mp-1017241,0.2645366184375,Unstable,Unstable
mp-1226141,-0.1762928813695907,-0.2781751155853271,mp-1226141,0.050465247187499784,Stable,Stable
mp-1225046,-0.841833770275116,-0.7655895352363586,mp-1225046,0.05225914091731454,Stable,Stable
mp-1199763,-0.0748130902647972,0.0524743795394897,mp-1199763,0.573823116264367,Stable,Unstable
mp-849225,-2.459225654602051,-2.322715759277344,mp-849225,0.05018604380434333,Stable,Stable
mp-780135,-2.461599111557007,-2.3180549144744877,mp-780135,0.045854565294119354,Stable,Stable
mp-1217647,-0.522007942199707,-0.5481035709381104,mp-1217647,0.00039258431203847977,Stable,Stable
mp-558548,-2.482855796813965,-2.3715054988861084,mp-558548,0.0,Stable,Stable
mp-10134,-0.6731662154197693,-0.5728741884231567,mp-10134,0.11403531081818485,Stable,Stable
mp-3869,-0.7850072979927063,-0.7646515965461731,mp-3869,0.0,Stable,Stable
mp-1033841,-2.632121324539185,-2.5792324542999268,mp-1033841,0.355917380201614,Stable,Stable
mp-19185,-2.4361777305603027,-2.3211510181427,mp-19185,0.0,Stable,Stable
mp-775226,-2.424622058868408,-2.293303966522217,mp-775226,0.07873724454545616,Stable,Stable
mp-1196201,-3.2472641468048096,-3.136892795562744,mp-1196201,0.010755783888889425,Stable,Stable
mp-556002,-2.4678096771240234,-2.375253200531006,mp-556002,0.048739701785714296,Stable,Stable
mp-779313,-2.4836127758026123,-2.347946882247925,mp-779313,0.028631965159575223,Stable,Stable
mp-972380,-0.6626999974250793,-0.6116163730621338,mp-972380,0.0,Stable,Stable
mp-23784,-0.7770612239837646,-0.6458892822265625,mp-23784,0.09565974406249733,Stable,Stable
mp-1199710,-0.3095958530902862,-0.2489348649978637,mp-1199710,0.23441187875771696,Stable,Stable
mp-1105098,-0.3588840067386627,-0.3963315486907959,mp-1105098,0.14728032211538444,Stable,Stable
mp-1033845,-2.5136101245880127,-2.3757381439208984,mp-1033845,0.42849912167968807,Stable,Stable
mp-1194338,-3.0456345081329346,-2.9591710567474365,mp-1194338,0.0,Stable,Stable
mp-1200414,-0.3835126757621765,-0.2592693567276001,mp-1200414,0.0,Stable,Stable
mp-1212820,-2.577719449996948,-2.3729193210601807,mp-1212820,0.015561311624992413,Stable,Stable
mp-1101772,-0.3997442424297333,-0.3156455755233764,mp-1101772,0.0,Stable,Stable
mp-1183146,0.8769440650939941,0.6669423580169678,mp-1183146,0.8769440827083343,Unstable,Unstable
mp-1224119,-0.1543376296758651,-0.2278319597244262,mp-1224119,0.06861097706897645,Stable,Stable
mp-15939,-3.263411521911621,-3.082537651062012,mp-15939,0.000961427916665869,Stable,Stable
mp-7625,-0.6680803298950195,-0.5204710960388184,mp-7625,0.0,Stable,Stable
mp-1105186,-0.2493542283773422,-0.1273058652877807,mp-1105186,0.0,Stable,Stable
mp-1008559,-0.4692279398441314,-0.4879331588745117,mp-1008559,0.014076364999999313,Stable,Stable
mp-1246468,-0.8218982219696045,-0.8662753105163574,mp-1246468,0.13859504166666703,Stable,Stable
mp-764847,-2.2444958686828613,-2.1441638469696045,mp-764847,0.07742287862643948,Stable,Stable
mp-1221784,-2.544841766357422,-2.4729809761047363,mp-1221784,0.0,Stable,Stable
mp-19520,-2.8557746410369877,-2.728888988494873,mp-19520,0.0,Stable,Stable
mp-753471,-2.0502030849456787,-1.977246046066284,mp-753471,0.10149821749999521,Stable,Stable
mp-759667,-2.508107662200928,-2.3657283782958984,mp-759667,0.07113624090909276,Stable,Stable
mp-1191070,-0.5026730895042419,-0.4671076536178589,mp-1191070,0.0,Stable,Stable
mp-1214648,-1.733872890472412,-1.6353644132614136,mp-1214648,0.00610790729167654,Stable,Stable
mp-1004525,-0.2410171329975128,-0.1543910503387451,mp-1004525,0.038252772692306536,Stable,Stable
mp-561502,-1.3700257539749146,-1.3535652160644531,mp-561502,0.144262260416669,Stable,Stable
mp-23045,-0.6863649487495422,-0.6713273525238037,mp-23045,0.3357368979166653,Stable,Stable
mp-1199460,-0.6836947798728943,-0.8185915350914001,mp-1199460,0.01141276319444362,Stable,Stable
mp-1214847,-1.5471835136413574,-1.4536837339401243,mp-1214847,0.2593185388333268,Stable,Stable
mp-5540,-3.0168960094451904,-2.919633150100708,mp-5540,0.006822391793981808,Stable,Stable
mp-1020707,-2.655388355255127,-2.560719966888428,mp-1020707,0.0,Stable,Stable
mp-1199281,-0.0770653486251831,-0.1056976318359375,mp-1199281,0.033620508847248765,Stable,Stable
mp-761235,-2.2295100688934326,-2.1197726726531982,mp-761235,0.07841875619048189,Stable,Stable
mp-1205404,-0.340440422296524,-0.3570476770401001,mp-1205404,0.3209656805555472,Stable,Stable
mp-1220630,-0.2856374680995941,-0.3649182319641113,mp-1220630,0.0352548914769244,Stable,Stable
mp-557235,-2.6928822994232178,-2.559116840362549,mp-557235,0.0028426473551137477,Stable,Stable
mp-3071,-0.366687148809433,-0.3073320388793945,mp-3071,0.006321916111123649,Stable,Stable
mp-569935,-1.5556790828704834,-1.48767352104187,mp-569935,0.0,Stable,Stable
mp-1077788,-0.202928751707077,-0.1150989532470703,mp-1077788,0.0023285250000029123,Stable,Stable
mp-1214639,-3.1341285705566406,-2.985344409942627,mp-1214639,0.008291901169362959,Stable,Stable
mp-1026664,0.302334189414978,0.2518371343612671,mp-1026664,0.3136115609375001,Unstable,Unstable
mp-29721,-0.0411448813974857,0.1306115388870239,mp-29721,0.04459328468750101,Stable,Unstable
mp-1095514,0.2764734029769897,0.1595739126205444,mp-1095514,0.30367602753472056,Unstable,Unstable
mp-23662,-1.8619697093963623,-1.7370119094848633,mp-23662,0.008493894875003072,Stable,Stable
mp-374,-0.2628604471683502,-0.3213858604431152,mp-374,0.06712516166666482,Stable,Stable
mp-5311,-1.2502604722976685,-1.1279447078704834,mp-5311,0.0,Stable,Stable
mp-1200814,-1.045724630355835,-0.9549402594566344,mp-1200814,0.0770397857499967,Stable,Stable
mp-20590,-0.2580759227275848,-0.4307752847671509,mp-20590,0.20274191400000063,Stable,Stable
mp-1213975,-0.4606473445892334,-0.4729681015014648,mp-1213975,0.0,Stable,Stable
mp-1176777,-2.225574254989624,-2.049194574356079,mp-1176777,0.16043577805555653,Stable,Stable
mp-707273,-0.1963641792535781,-0.2220352888107299,mp-707273,0.005437845119047324,Stable,Stable
mp-1034024,-2.7708797454833984,-2.632570743560791,mp-1034024,0.24693565127343753,Stable,Stable
mp-558051,-3.31174635887146,-3.081357002258301,mp-558051,0.0,Stable,Stable
mp-1031258,-2.503348588943481,-2.3374359607696533,mp-1031258,0.43756785546875054,Stable,Stable
mp-766484,-2.490201950073242,-2.339902639389038,mp-766484,0.02296050341549627,Stable,Stable
mp-6257,-2.8978962898254395,-2.736908197402954,mp-6257,0.0,Stable,Stable
mp-1201529,-2.026531219482422,-1.803789019584656,mp-1201529,0.0,Stable,Stable
mp-768521,-2.3559718132019043,-2.160808563232422,mp-768521,0.10483567047222486,Stable,Stable
mp-1106302,-0.6351620554924011,-0.5276632308959961,mp-1106302,0.0,Stable,Stable
mp-1219901,-0.5858719944953918,-0.7073401212692261,mp-1219901,0.04057491078947084,Stable,Stable
mp-1176790,-2.343616247177124,-2.256431579589844,mp-1176790,0.07518820382222646,Stable,Stable
mp-12209,-2.75372052192688,-2.5661871433258057,mp-12209,0.0,Stable,Stable
mp-684003,-0.5463761687278748,-0.5676062107086182,mp-684003,0.005008331756755524,Stable,Stable
mp-631540,0.7392054200172424,0.5851764678955078,mp-631540,0.932724487881945,Unstable,Unstable
mp-5759,-0.103316456079483,-0.1037217378616333,mp-5759,0.0,Stable,Stable
mp-581639,-1.3920490741729736,-1.320096731185913,mp-581639,0.146166631770833,Stable,Stable
mp-1180411,-1.5592820644378662,-1.597853183746338,mp-1180411,0.5367161626470587,Stable,Stable
mp-3889,-2.607822895050049,-2.463728904724121,mp-3889,0.0,Stable,Stable
mp-7027,-2.458591938018799,-2.1801929473876958,mp-7027,0.0,Stable,Stable
mp-1030690,-2.359484910964966,-2.259690046310425,mp-1030690,0.42545628100901123,Stable,Stable
mp-30239,-1.6679874658584597,-1.57223641872406,mp-30239,0.0,Stable,Stable
mp-20373,-0.1309577971696853,-0.1705920696258545,mp-20373,0.017804337499999434,Stable,Stable
mp-27426,-2.3520662784576416,-2.5497074127197266,mp-27426,0.22758962482142842,Stable,Stable
mp-1214282,-1.8021202087402344,-1.4663482904434204,mp-1214282,0.17805155076923107,Stable,Stable
mp-1201734,-0.9612205028533936,-0.8479882478713989,mp-1201734,0.30475002105768834,Stable,Stable
mp-1208341,-3.2496771812438965,-3.0487313270568848,mp-1208341,0.006662537791674694,Stable,Stable
mp-1178471,-2.7683775424957275,-2.674406051635742,mp-1178471,0.023462128919536696,Stable,Stable
mp-1201222,-2.00735092163086,-1.8692922592163088,mp-1201222,0.09352456813664833,Stable,Stable
mp-781610,-2.4687066078186035,-2.333098888397217,mp-781610,0.04070515793477725,Stable,Stable
mp-7892,-0.4704173803329468,-0.4397025108337402,mp-7892,0.0,Stable,Stable
mp-1191981,-0.6928440928459167,-0.7030969262123108,mp-1191981,0.0,Stable,Stable
mp-974392,-0.6400401592254639,-0.6172815561294556,mp-974392,0.0,Stable,Stable
mp-849632,-2.287912368774414,-2.179691791534424,mp-849632,0.047772741812504904,Stable,Stable
mp-554240,-3.146121025085449,-3.0034141540527344,mp-554240,0.008593400294114595,Stable,Stable
mp-1099225,-2.0056493282318115,-1.879690408706665,mp-1099225,0.7745938125882974,Stable,Stable
mp-1020664,-2.7100372314453125,-2.5844316482543945,mp-1020664,0.007860332172612061,Stable,Stable
mp-1105080,-0.1895160377025604,0.0558841228485107,mp-1105080,0.005728853571429937,Stable,Unstable
mp-1189317,-0.398161381483078,-0.3496357202529907,mp-1189317,0.0,Stable,Stable
mp-1103093,-0.3634330034255981,-0.2843819856643677,mp-1103093,0.0,Stable,Stable
mp-1102394,-0.7981935143470764,-0.7775187492370605,mp-1102394,0.0,Stable,Stable
mp-1212938,-3.440238237380981,-3.317753314971924,mp-1212938,0.03049286654761829,Stable,Stable
mp-1022952,0.4504713118076324,0.4279494285583496,mp-1022952,0.5755803284375003,Unstable,Unstable
mp-777373,-2.287911891937256,-2.1910855770111084,mp-777373,0.04777327714583812,Stable,Stable
mp-1204824,-0.2980513572692871,-0.2560057640075683,mp-1204824,0.1939516945138875,Stable,Stable
mp-9720,-0.3738538324832916,-0.4266769886016845,mp-9720,0.0,Stable,Stable
mp-1197506,-2.8287861347198486,-2.724247932434082,mp-1197506,0.01364700473212821,Stable,Stable
mp-849571,-2.4712045192718506,-2.3500008583068848,mp-849571,0.040109318785722436,Stable,Stable
mp-1190715,-0.6385844945907593,-0.5591003894805908,mp-1190715,0.0,Stable,Stable
mp-850193,-3.524040460586548,-3.3114418983459477,mp-850193,0.03301353900000059,Stable,Stable
mp-1221428,-2.94657301902771,-2.7526841163635254,mp-1221428,5.130807692310668e-05,Stable,Stable
mp-20962,-0.170017659664154,-0.2180774211883545,mp-20962,0.025791950344828507,Stable,Stable
mp-8872,-2.2459139823913574,-2.1352033615112305,mp-8872,0.0,Stable,Stable
mp-23578,-2.4166722297668457,-2.277745246887207,mp-23578,0.09444218032407381,Stable,Stable
mp-1079335,-0.5708133578300476,-0.5366621017456055,mp-1079335,0.0,Stable,Stable
mp-1207902,-0.2762740850448608,-0.2834471464157104,mp-1207902,0.004256709310341833,Stable,Stable
mp-1196929,-2.555771827697754,-2.4651241302490234,mp-1196929,0.0,Stable,Stable
mp-1203590,-2.6510050296783447,-2.456572294235229,mp-1203590,0.13645630348684712,Stable,Stable
mp-579677,-0.2963885068893432,-0.3504554033279419,mp-579677,0.0,Stable,Stable
mp-1201581,-0.4597622454166412,-0.4113121032714844,mp-1201581,0.0022089770248836516,Stable,Stable
mp-1190960,-0.0525608099997043,-0.0273069143295288,mp-1190960,0.46211719694444486,Stable,Stable
mp-989459,-0.1044634655117988,0.0007460117340087,mp-989459,0.4093470788636342,Stable,Unstable
mp-1228633,-0.0169184077531099,0.2253086566925048,mp-1228633,0.3363263406250008,Stable,Unstable
mp-2898211,0.4075128436088562,0.2976999282836914,mp-2898211,0.4404949595312502,Unstable,Unstable
mp-2760250,-3.3903403282165527,-3.0912184715271,mp-2760250,0.03603469299999951,Stable,Stable
mp-1246452,-0.2620485126972198,-0.3243492841720581,mp-1246452,0.3900956484615392,Stable,Stable
mp-3717,-0.8880950808525085,-0.8784781694412231,mp-3717,0.0,Stable,Stable
mp-22435,-0.9882546663284302,-0.9348074197769164,mp-22435,0.0,Stable,Stable
mp-1221191,1.014454960823059,0.9130232334136964,mp-1221191,1.5732190390603447,Unstable,Unstable
mp-1102353,0.4848380088806152,-0.3378474712371826,mp-1102353,0.9103207606666599,Unstable,Stable
mp-1296,-0.4196981489658355,-0.3191322088241577,mp-1296,0.053575387500002236,Stable,Stable
mp-568090,-0.4995792508125305,-0.4047536849975586,mp-568090,0.0,Stable,Stable
mp-556695,-2.8813955783843994,-2.774497985839844,mp-556695,0.0,Stable,Stable
mp-1214050,-3.393812417984009,-3.2029974460601807,mp-1214050,0.0,Stable,Stable
mp-1202234,-0.5660409331321716,-0.4572179317474365,mp-1202234,0.0,Stable,Stable
mp-1222565,-2.7550666332244877,-2.613855361938477,mp-1222565,0.031277193645813384,Stable,Stable
mp-1219077,-0.3328129053115845,-0.3535996675491333,mp-1219077,0.17402284812500213,Stable,Stable
mp-1009695,-0.1918430477380752,-0.1832495927810669,mp-1009695,0.19202974249999993,Stable,Stable
mp-3428,-0.6446153521537781,-0.5978752374649048,mp-3428,0.10793925681818095,Stable,Stable
mp-1019608,-2.130713939666748,-1.899954915046692,mp-1019608,0.0,Stable,Stable
mp-761206,-2.205469846725464,-2.0838208198547363,mp-761206,0.0841337325609608,Stable,Stable
mp-15520,-2.928356885910034,-2.8379054069519043,mp-15520,0.011412471838225358,Stable,Stable
mp-1034697,-2.7252120971679688,-2.561784029006958,mp-1034697,0.31690404403790495,Stable,Stable
mp-1196747,-2.4958484172821045,-2.4545135498046875,mp-1196747,0.15779313632970826,Stable,Stable
mp-22335,-0.4598113894462585,-0.4943935871124267,mp-22335,0.0,Stable,Stable
mp-1238776,-0.1596217304468155,-0.3695756196975708,mp-1238776,0.44025313749999917,Stable,Stable
mp-780669,-2.461470365524292,-2.3325183391571045,mp-780669,0.04794119902173399,Stable,Stable
mp-607369,-0.1349987536668777,-0.1982924938201904,mp-607369,0.18596657066666467,Stable,Stable
mp-778813,-2.48380970954895,-2.34207820892334,mp-778813,0.028434935372341208,Stable,Stable
mp-1099294,0.133569061756134,0.0860072374343872,mp-1099294,0.23556835059027792,Unstable,Unstable
mp-1220135,-0.2566174268722534,-0.2328071594238281,mp-1220135,0.010037545716463647,Stable,Stable
mp-27768,-0.41092449426651,-0.3125289678573608,mp-27768,0.0,Stable,Stable
mp-1078108,-0.4860169589519501,-0.476362943649292,mp-1078108,0.00807658714285786,Stable,Stable
mp-1113,-0.2456831336021423,-0.1102687120437622,mp-1113,0.0,Stable,Stable
mp-1188803,-0.3777613639831543,-0.3721569776535034,mp-1188803,0.009755416923077576,Stable,Stable
mp-850885,-2.4158380031585693,-2.287975311279297,mp-850885,0.08752138000000187,Stable,Stable
mp-8216,-3.5211455821990967,-3.3290700912475586,mp-8216,0.0,Stable,Stable
mp-1208392,-3.104089498519897,-2.980296850204468,mp-1208392,0.0,Stable,Stable
mp-978989,-0.3487577438354492,-0.1769928932189941,mp-978989,0.0,Stable,Stable
mp-1099218,-2.6462595462799072,-2.524603843688965,mp-1099218,0.3375510503125003,Stable,Stable
mp-780335,-2.462428569793701,-2.330596446990967,mp-780335,0.04698305945651704,Stable,Stable
mp-9309,-3.01345157623291,-2.8316569328308105,mp-9309,0.0,Stable,Stable
mp-760243,-2.281766891479492,-2.1710591316223145,mp-760243,0.05391836714583853,Stable,Stable
mp-505232,-2.8537182807922363,-2.7312827110290527,mp-505232,0.0,Stable,Stable
mp-10552,-0.8327932357788086,-0.7597915530204773,mp-10552,0.002148952016667316,Stable,Stable
mp-1204859,-0.1396257132291793,-0.1733894348144531,mp-1204859,0.010427168825755118,Stable,Stable
mp-1177802,-2.51344895362854,-2.4202890396118164,mp-1177802,0.11151878781249902,Stable,Stable
mp-6098,-0.5209149122238159,-0.4710811376571655,mp-6098,0.0,Stable,Stable
mp-1227646,-2.326469659805298,-2.2296361923217773,mp-1227646,0.0036009240909091744,Stable,Stable
mp-5940,-0.5089958310127258,-0.4922422170639038,mp-5940,0.0,Stable,Stable
mp-763318,-2.100013971328736,-2.003170251846313,mp-763318,0.19852089807291406,Stable,Stable
mp-1191986,-0.5635161399841309,-0.566104531288147,mp-1191986,0.013225218888885948,Stable,Stable
mp-6191,-0.6142153739929199,-0.5840880870819092,mp-6191,0.0,Stable,Stable
mp-1197401,-2.559081554412842,-2.4562573432922363,mp-1197401,0.0,Stable,Stable
mp-555102,-2.3623549938201904,-2.2759335041046143,mp-555102,0.005562201706348802,Stable,Stable
mp-778031,-2.549050092697144,-2.4319307804107666,mp-778031,0.060485156250003946,Stable,Stable
mp-1106184,-0.2487954795360565,-0.1163119077682495,mp-1106184,0.006082310000000035,Stable,Stable
mp-18595,-2.81441593170166,-2.724254608154297,mp-18595,0.012064946299013002,Stable,Stable
mp-696849,-1.2891340255737305,-1.021169662475586,mp-696849,0.32758142020832715,Stable,Stable
mp-1190670,-0.5300541520118713,-0.4703812599182129,mp-1190670,0.0,Stable,Stable
mp-699473,-0.7380256652832031,-0.601994514465332,mp-699473,0.15148618318262752,Stable,Stable
mp-21464,-0.2273224741220474,-0.1603928804397583,mp-21464,0.008917875833336808,Stable,Stable
mp-1072199,-0.4714213609695434,-0.3783981800079345,mp-1072199,0.0,Stable,Stable
mp-1210559,-2.842747211456299,-2.6995062828063965,mp-1210559,0.08713317942306809,Stable,Stable
mp-3032,-3.3081958293914795,-3.0086569786071777,mp-3032,0.0,Stable,Stable
mp-850898,-2.4211630821228027,-2.298757076263428,mp-850898,0.0821963188636392,Stable,Stable
mp-1195216,-0.4775662124156952,-0.3966305255889892,mp-1195216,0.0,Stable,Stable
mp-1033242,-2.360940933227539,-2.265136957168579,mp-1033242,0.5105364251041626,Stable,Stable
mp-1224854,-0.1916004419326782,-0.2380421161651611,mp-1224854,0.08631008972222354,Stable,Stable
mp-733481,0.0028849665541201,-0.1191319227218627,mp-733481,0.31680664053229535,Unstable,Stable
mp-1214905,0.1111615151166915,-0.0388152599334716,mp-1214905,0.3010312455448281,Unstable,Stable
mp-1199109,-2.241224527359009,-2.3250961303710938,mp-1199109,0.3003226471496152,Stable,Stable
mp-30060,-0.4517072141170501,-0.2650268077850342,mp-30060,0.0,Stable,Stable
mp-1199246,-3.126504421234131,-2.849707841873169,mp-1199246,0.00652784819444463,Stable,Stable
mp-5426,-0.6398906111717224,-0.6164833307266235,mp-5426,0.0,Stable,Stable
mp-1219553,-0.5059868693351746,-0.4855873584747314,mp-1219553,0.0,Stable,Stable
mp-1207931,-2.467808723449707,-2.259465456008911,mp-1207931,0.01289415745370448,Stable,Stable
mp-1204298,-1.4407483339309692,-1.1248281002044678,mp-1204298,0.5466909000000122,Stable,Stable
mp-1215031,-1.3470149040222168,-1.1578307151794434,mp-1215031,0.3980446711206902,Stable,Stable
mp-27724,-0.6453724503517151,-0.3872359991073608,mp-27724,0.0,Stable,Stable
mp-1205795,-0.4416637122631073,-0.4019027948379516,mp-1205795,0.0,Stable,Stable
mp-22703,-0.3009869754314422,-0.269377589225769,mp-22703,0.0,Stable,Stable
mp-1205267,-2.609748363494873,-2.34291410446167,mp-1205267,0.08028190333025176,Stable,Stable
mp-1069105,-0.4627446830272674,-0.4474406242370605,mp-1069105,0.0,Stable,Stable
mp-1200496,-2.9269919395446777,-2.6074438095092773,mp-1200496,0.12751402275000157,Stable,Stable
mp-568966,-0.4937664270401001,-0.393938660621643,mp-568966,0.0,Stable,Stable
mp-1188483,-0.1396329849958419,-0.0381114482879638,mp-1188483,0.38297253883333493,Stable,Stable
mp-22319,-0.2813075184822082,-0.1163084506988525,mp-22319,0.0,Stable,Stable
mp-13772,-3.080771923065185,-2.918870449066162,mp-13772,0.0,Stable,Stable
mp-24239,-0.4085147380828857,-0.2908904552459717,mp-24239,0.0,Stable,Stable
mp-568725,-0.4367710053920746,-0.4658712148666382,mp-568725,0.0,Stable,Stable
mp-10566,-0.4951864182949066,-0.4690018892288208,mp-10566,0.0,Stable,Stable
mp-17714,-3.374814748764038,-3.204017877578736,mp-17714,0.038471363949998505,Stable,Stable
mp-773605,-2.3787662982940674,-2.22510290145874,mp-773605,0.03499961124998752,Stable,Stable
mp-1220841,-0.3084541857242584,-0.2829192876815796,mp-1220841,0.02156797339579697,Stable,Stable
mp-1197224,-2.3410329818725586,-2.2499282360076904,mp-1197224,0.3421323872679016,Stable,Stable
mp-975663,-0.4331115782260895,-0.4253228902816772,mp-975663,0.0,Stable,Stable
mp-1183242,-0.5565497279167175,-0.9400919675827026,mp-1183242,1.2187017236666664,Stable,Stable
mp-849413,-2.4699244499206543,-2.3536839485168457,mp-849413,0.04138944421429258,Stable,Stable
mp-554718,-2.5872902870178223,-2.443401336669922,mp-554718,0.0,Stable,Stable
mp-1195760,-0.674611508846283,-0.6603219509124756,mp-1195760,0.0,Stable,Stable
mp-1190619,-0.478314459323883,-0.3372368812561035,mp-1190619,0.0,Stable,Stable
mp-1203744,-2.337347984313965,-2.195001602172852,mp-1203744,0.100489552333352,Stable,Stable
mp-760269,-2.273533344268799,-2.163806200027466,mp-760269,0.05944818367646931,Stable,Stable
mp-5200,-0.6683155298233032,-0.6827496290206909,mp-5200,0.0,Stable,Stable
mp-1208836,-0.6742495894432068,-0.6211607456207275,mp-1208836,0.006265440500005326,Stable,Stable
mp-19948,-0.5036601424217224,-0.6086961030960083,mp-19948,0.20786606866666446,Stable,Stable
mp-17323,-2.805531740188598,-2.7225818634033203,mp-17323,0.019288528284297612,Stable,Stable
mp-1180710,-2.743544101715088,-2.637736797332764,mp-1180710,0.009038583674699119,Stable,Stable
mp-655001,-0.1761219352483749,-0.2195736169815063,mp-655001,0.2907518529999997,Stable,Stable
mp-1099300,0.3643244206905365,0.3471436500549316,mp-1099300,0.44954121781249956,Unstable,Unstable
mp-6996,-0.5186440944671631,-0.4468364715576172,mp-6996,0.0,Stable,Stable
mp-6040,-3.1168670654296875,-2.893471002578736,mp-6040,0.0,Stable,Stable
mp-1102968,-0.5931435227394104,-0.5885820388793945,mp-1102968,0.0,Stable,Stable
mp-15709,-0.5302177667617798,-0.53450608253479,mp-15709,0.0,Stable,Stable
mp-1219765,-0.4822022318840027,-0.4910876750946045,mp-1219765,0.023697087222227964,Stable,Stable
mp-505545,-0.6921402215957642,-0.6193737983703613,mp-505545,0.0,Stable,Stable
mp-531006,-2.651366233825684,-2.6348466873168945,mp-531006,0.10143650616170419,Stable,Stable
mp-29411,-0.9706116318702698,-0.9056664109230042,mp-29411,0.0,Stable,Stable
mp-12569,-0.607815146446228,-0.6057595014572144,mp-12569,0.0,Stable,Stable
mp-558179,-1.937111735343933,-1.8695216178894043,mp-558179,0.028933633194444752,Stable,Stable
mp-567989,-0.2504484057426452,-0.2059677839279174,mp-567989,0.13066079909090877,Stable,Stable
mp-954,-0.4099723696708679,-0.3610022068023681,mp-954,0.0,Stable,Stable
mp-755030,-2.420957565307617,-2.296759605407715,mp-755030,0.08240170613636622,Stable,Stable
mp-866664,-1.874277710914612,-1.8127570152282717,mp-866664,0.0,Stable,Stable
mp-761220,-2.3102898597717285,-2.194533109664917,mp-761220,0.02391988579787263,Stable,Stable
mp-1247247,-0.4197343289852142,-0.3702912330627441,mp-1247247,0.15961527883620974,Stable,Stable
mp-1079994,-0.5490277409553528,-0.5047515630722046,mp-1079994,0.0,Stable,Stable
mp-1211309,0.0011290838010609,-0.0102530717849731,mp-1211309,0.5860892485000022,Unstable,Stable
mp-1224577,-1.7423361539840698,-1.522008180618286,mp-1224577,0.0395931524857156,Stable,Stable
mp-1224263,-1.0792012214660645,-0.9583560228347778,mp-1224263,0.01300654833333148,Stable,Stable
mp-851575,-1.2741971015930176,-1.2192132472991943,mp-851575,1.2364586256521717,Stable,Stable
mp-764508,-2.265856504440308,-2.165260076522827,mp-764508,0.06310199241477399,Stable,Stable
mp-9973,-0.8998122811317444,-0.8131858706474304,mp-9973,0.0,Stable,Stable
mp-770170,-2.5605885982513428,-2.3970303535461426,mp-770170,0.06654233138889243,Stable,Stable
mp-1095458,-0.4803184568881988,-0.4700779914855957,mp-1095458,0.025439502045451867,Stable,Stable
mp-24270,-0.3380202054977417,-0.2778488397598266,mp-24270,0.06430491077651457,Stable,Stable
mp-1194505,-0.2861952483654022,-0.2699586153030395,mp-1194505,0.012936473560603012,Stable,Stable
mp-27757,-0.0167171396315097,0.015406847000122,mp-27757,0.0,Stable,Unstable
mp-731849,-1.078169822692871,-0.840737521648407,mp-731849,0.6064616632692328,Stable,Stable
mp-1192224,-0.5886005759239197,-0.5209866762161255,mp-1192224,0.0,Stable,Stable
mp-631525,0.8873090147972107,0.5840167999267578,mp-631525,1.1096980614583316,Unstable,Unstable
mp-562764,-1.7587041854858398,-1.6268377304077148,mp-562764,0.0,Stable,Stable
mp-9596,-0.5820348858833313,-0.5721549987792969,mp-9596,0.0,Stable,Stable
mp-2873,-0.5803184509277344,-0.6007500886917114,mp-2873,0.0,Stable,Stable
mp-19984,0.465819239616394,0.2238463163375854,mp-19984,1.1397006049999998,Unstable,Unstable
mp-1216311,-0.104004755616188,-0.1091953516006469,mp-1216311,0.0,Stable,Stable
mp-558794,-1.4208511114120483,-1.25319504737854,mp-558794,0.049892489285713104,Stable,Stable
mp-1214854,-2.918646812438965,-2.587773561477661,mp-1214854,0.09881895956896702,Stable,Stable
mp-1217550,-0.1255756020545959,-0.0705957412719726,mp-1217550,0.0,Stable,Stable
mp-759375,-2.429173707962036,-2.3001675605773926,mp-759375,0.07418566159091178,Stable,Stable
mp-1191966,-0.6476864218711853,-0.5714855194091797,mp-1191966,0.0,Stable,Stable
mp-1213928,-1.541022539138794,-1.4791548252105713,mp-1213928,0.15505137337791464,Stable,Stable
mp-610530,-0.5286281108856201,-0.5014142990112305,mp-610530,0.0,Stable,Stable
mp-1101862,-0.3854238390922546,-0.3400835990905761,mp-1101862,0.000329458333332866,Stable,Stable
mp-1212227,-0.757827639579773,-0.6722012758255005,mp-1212227,0.0,Stable,Stable
mp-1222963,-0.2728982269763946,-0.3360261917114258,mp-1222963,0.05367166782985411,Stable,Stable
mp-1228630,-0.0442636087536811,0.0020492076873779,mp-1228630,0.11884821470238194,Stable,Unstable
mp-5757,-0.7657785415649414,-0.6633856296539307,mp-5757,0.0,Stable,Stable
mp-756081,-2.247474670410156,-2.0841822624206543,mp-756081,0.13853532958333492,Stable,Stable
mp-866308,-0.4068069159984588,-0.2875120639801025,mp-866308,0.047124788421053054,Stable,Stable
mp-1994,-1.0848475694656372,-0.8942592740058899,mp-1994,0.0,Stable,Stable
mp-1219071,-0.5451472401618958,-0.421369194984436,mp-1219071,0.0,Stable,Stable
mp-766463,-2.638221740722656,-2.529804944992065,mp-766463,0.0,Stable,Stable
mp-1221771,-0.3662445545196533,-0.4623130559921264,mp-1221771,0.060222546071429406,Stable,Stable
mp-2967,-0.4462445974349975,-0.4921944141387939,mp-2967,0.0,Stable,Stable
mp-1198135,-1.5646979808807373,-1.353139877319336,mp-1198135,0.5109798007083288,Stable,Stable
mp-777343,-2.281361818313598,-2.174903392791748,mp-777343,0.0543233029236152,Stable,Stable
mp-672196,-1.3163368701934814,-1.187061786651611,mp-672196,0.0014059729166673307,Stable,Stable
mp-764505,-2.2655727863311768,-2.155525922775269,mp-764505,0.06338562400568293,Stable,Stable
mp-505473,-0.2796809077262878,-0.2522765398025512,mp-505473,0.029769778000000358,Stable,Stable
mp-1224503,-0.5351441502571106,-0.4797705411911011,mp-1224503,0.0005167390000018202,Stable,Stable
mp-1216067,-3.4725170135498047,-3.362675666809082,mp-1216067,0.049742556666666715,Stable,Stable
mp-1019522,-2.9908387660980225,-2.899409055709839,mp-1019522,0.002153663038821918,Stable,Stable
mp-1223027,-0.3256181478500366,-0.3463277816772461,mp-1223027,0.1967603085416636,Stable,Stable
mp-1191016,-0.6396026611328125,-0.6101932525634766,mp-1191016,0.0,Stable,Stable
mp-1218188,-0.5790038108825684,-0.4775437116622925,mp-1218188,0.0,Stable,Stable
mp-686042,-2.126864194869995,-1.916972517967224,mp-686042,0.08905654076923053,Stable,Stable
mp-1214634,-3.132651090621948,-2.987768173217773,mp-1214634,0.004439662217748719,Stable,Stable
mp-1188931,-0.3164655864238739,-0.3538769483566284,mp-1188931,0.0,Stable,Stable
mp-1100396,0.0959620848298072,0.4726665019989013,mp-1100396,0.3461487388888891,Unstable,Unstable
mp-31009,-0.5627398490905762,-0.5292443037033081,mp-31009,0.0,Stable,Stable
mp-551135,-2.59047794342041,-2.4369680881500244,mp-551135,0.027751537777769286,Stable,Stable
mp-1215822,-2.083584785461426,-1.939200043678284,mp-1215822,0.0767090929761931,Stable,Stable
mp-1019797,-2.2310984134674072,-1.9810466766357424,mp-1019797,0.0,Stable,Stable
mp-2653,-1.3182748556137085,-1.2548694610595703,mp-2653,0.09470411999999939,Stable,Stable
mp-999198,-0.5133475065231323,-0.4520488977432251,mp-999198,0.010615728750000386,Stable,Stable
mp-569897,-0.9517040848731996,-0.935060739517212,mp-569897,0.0,Stable,Stable
mp-1219868,-0.0895774140954017,-0.0673974752426147,mp-1219868,0.0011550499264707526,Stable,Stable
mp-1207603,-2.777444362640381,-2.592341184616089,mp-1207603,0.003265323791664443,Stable,Stable
mp-1104892,-0.2915141582489013,-0.152531623840332,mp-1104892,0.0,Stable,Stable
mp-1205147,-0.3964698314666748,-0.326774001121521,mp-1205147,0.0,Stable,Stable
mp-1208351,-0.5914924144744873,-0.5719742774963379,mp-1208351,0.000615412954545036,Stable,Stable
mp-973738,-1.0106709003448486,-0.9623913764953612,mp-973738,1.358852277666668,Stable,Stable
mp-1101655,-2.206684827804565,-2.1475489139556885,mp-1101655,0.025703537916663244,Stable,Stable
mp-6646,-0.5159878134727478,-0.4655295610427856,mp-6646,0.0,Stable,Stable
mp-752621,-2.579986810684204,-2.416804313659668,mp-752621,0.041618749595589755,Stable,Stable
mp-761221,-2.2651116847991943,-2.1579959392547607,mp-761221,0.0638467703693193,Stable,Stable
mp-1080176,-0.513969898223877,-0.4656559228897095,mp-1080176,0.0,Stable,Stable
mp-1080483,0.198122888803482,0.1005836725234985,mp-1080483,0.9046123912499997,Unstable,Unstable
mp-13516,-3.2530345916748047,-3.051838159561157,mp-13516,0.005908007072930488,Stable,Stable
mp-865,-0.4749661982059479,-0.3799647092819214,mp-865,0.0,Stable,Stable
mp-1226734,-0.571254312992096,-0.4496886730194092,mp-1226734,0.0,Stable,Stable
mp-10255,-0.789740800857544,-0.7965371012687683,mp-10255,0.0,Stable,Stable
mp-1237269,-1.3441212177276611,-1.0287103652954102,mp-1237269,0.3405102955769257,Stable,Stable
mp-1104594,0.4129000008106231,-0.1917985677719116,mp-1104594,0.7974495308333349,Unstable,Stable
mp-1221854,-0.1044908836483955,-0.1980283260345459,mp-1221854,0.08192940629310552,Stable,Stable
mp-1237277,-0.4740432202816009,-0.353945255279541,mp-1237277,0.004271228636364199,Stable,Stable
mp-1200474,-1.4805117845535278,-1.507996916770935,mp-1200474,0.2864283819642859,Stable,Stable
mp-966591,-0.4705227315425873,-0.3118497133255005,mp-966591,0.007791710227272652,Stable,Stable
mp-14019,-0.2407035827636718,-0.3085381984710693,mp-14019,0.0018463106250017347,Stable,Stable
mp-754063,-2.2428040504455566,-2.195556879043579,mp-754063,0.1077415549999996,Stable,Stable
mp-768966,-2.3150734901428223,-2.1790356636047363,mp-768966,0.0922153855000003,Stable,Stable
mp-1194066,-0.2595796287059784,-0.258064866065979,mp-1194066,0.0059094215517188076,Stable,Stable
mp-850410,-2.454925298690796,-2.317866325378418,mp-850410,0.052528226470588635,Stable,Stable
mp-1191988,-0.6379322409629822,-0.607028603553772,mp-1191988,0.0,Stable,Stable
mp-22014,-0.8673649430274963,-0.7583715319633484,mp-22014,0.0,Stable,Stable
mp-1026806,0.1665491759777069,0.1986359357833862,mp-1026806,0.19731206482638886,Unstable,Unstable
mp-1076987,-0.6216344833374023,-0.597466230392456,mp-1076987,0.0036753742816131307,Stable,Stable
mp-532413,-1.0020537376403809,-0.9052951335906982,mp-532413,0.0,Stable,Stable
mp-1211700,-2.800512313842773,-2.639474391937256,mp-1211700,0.0,Stable,Stable
mp-1197511,-0.5586462020874023,-0.5804466009140015,mp-1197511,0.0,Stable,Stable
mp-685145,-1.4116915464401243,-1.3469609022140503,mp-685145,0.001287422500000801,Stable,Stable
mp-1190272,-0.6024441719055176,-0.5746102333068848,mp-1190272,0.0,Stable,Stable
mp-776598,-2.4310269355773926,-2.31086802482605,mp-776598,0.07642659529411944,Stable,Stable
mp-764554,-2.2857666015625,-2.185023546218872,mp-764554,0.04991849136806081,Stable,Stable
mp-557467,-2.778116226196289,-2.6402056217193604,mp-557467,0.0,Stable,Stable
mp-14698,-0.1116962730884552,-0.0921384096145629,mp-14698,0.0,Stable,Stable
mp-542833,-2.2741987705230717,-2.1124250888824463,mp-542833,0.01899855265151551,Stable,Stable
mp-1070761,-0.4394479095935821,-0.3170609474182129,mp-1070761,0.0,Stable,Stable
mp-1173570,-2.838613510131836,-2.901003360748291,mp-1173570,0.40925533553846094,Stable,Stable
mp-1176612,-2.157360315322876,-2.044379711151123,mp-1176612,0.08610448180555075,Stable,Stable
mp-1020662,-2.252540111541748,-2.0136585235595703,mp-1020662,0.0,Stable,Stable
mp-631564,0.6940951347351074,0.7189369201660156,mp-631564,0.7392046218749999,Unstable,Unstable
mp-20976,-0.7894092798233032,-0.6016353368759155,mp-20976,0.0,Stable,Stable
mp-1008755,0.1288652867078781,-0.049554705619812,mp-1008755,0.5325422407407405,Unstable,Stable
mp-13343,-0.6275725960731506,-0.6365220546722412,mp-13343,0.0,Stable,Stable
mp-17727,-3.11712384223938,-2.772689819335937,mp-17727,0.0,Stable,Stable
mp-1190897,-2.55070424079895,-2.3850221633911133,mp-1190897,0.08850378717592733,Stable,Stable
mp-6738,-3.2722792625427246,-2.9957756996154785,mp-6738,0.0,Stable,Stable
mp-1191424,0.3297166228294372,-0.0490727424621582,mp-1191424,0.8080310850000005,Unstable,Stable
mp-1202733,-2.2668588161468506,-2.0915253162384038,mp-1202733,0.0,Stable,Stable
mp-1189333,-0.6069316267967224,-0.5890640020370483,mp-1189333,0.0,Stable,Stable
mp-764904,-2.279457330703736,-2.1790692806243896,mp-764904,0.04950118218750177,Stable,Stable
mp-1193985,-0.2628515958786011,-0.2401586771011352,mp-1193985,0.0,Stable,Stable
mp-27341,-0.4280559122562408,-0.4348992109298706,mp-27341,0.042937087083335435,Stable,Stable
mp-1232372,-0.642090380191803,-0.5855749845504761,mp-1232372,0.038657426111113224,Stable,Stable
mp-882849,-2.2446775436401367,-2.144526243209839,mp-882849,0.07724134351015977,Stable,Stable
mp-1098076,0.2445202320814132,0.2105478048324585,mp-1098076,0.38193214640624973,Unstable,Unstable
mp-1194536,-0.2532602846622467,-0.2615549564361572,mp-1194536,0.011486997881944738,Stable,Stable
mp-781628,-2.4844448566436768,-2.332528114318848,mp-781628,0.027799844095745208,Stable,Stable
mp-27895,-0.5773541927337646,-0.5437198877334595,mp-27895,0.0,Stable,Stable
mp-761255,-2.2241053581237797,-2.112488985061645,mp-761255,0.08382349785714815,Stable,Stable
mp-680054,-0.440198004245758,-0.3793203830718994,mp-680054,0.03759743928571524,Stable,Stable
mp-1245231,-0.7537791728973389,-0.815857470035553,mp-1245231,0.6591998298999986,Stable,Stable
mp-1192731,-1.4662805795669556,-1.42876935005188,mp-1192731,0.0,Stable,Stable
mp-555093,-2.456103563308716,-2.3774678707122803,mp-555093,0.047189572083333964,Stable,Stable
mp-1194788,-0.3420476913452148,-0.3727082014083862,mp-1194788,0.005880506306821687,Stable,Stable
mp-9870,-3.0556466579437256,-2.788949489593506,mp-9870,0.0,Stable,Stable
mp-1079629,-0.2239381074905395,-0.2355964183807373,mp-1079629,0.004571217249991655,Stable,Stable
mp-1182507,-2.3460381031036377,-2.158625841140747,mp-1182507,0.06280945565476781,Stable,Stable
mp-850395,-2.3897290229797363,-2.2689015865325928,mp-850395,0.0982675403515696,Stable,Stable
mp-30333,-0.5528198480606079,-0.5331631898880005,mp-30333,0.0,Stable,Stable
mp-24796,-0.4929229617118835,-0.5090315341949463,mp-24796,0.08007141928571482,Stable,Stable
mp-571410,-1.2929948568344116,-1.161008358001709,mp-571410,0.0,Stable,Stable
mp-1220688,-0.3740190863609314,-0.5506464242935181,mp-1220688,0.1966645675000045,Stable,Stable
mp-1025034,-0.4933354258537292,-0.4177355766296386,mp-1025034,0.0,Stable,Stable
mp-978855,0.9310438632965088,0.7660980224609375,mp-978855,0.9310438489583319,Unstable,Unstable
mp-1190755,-0.5793473124504089,-0.4872056245803833,mp-1190755,0.0,Stable,Stable
mp-29292,-0.0912489742040634,-0.0190668106079101,mp-29292,0.005552952574727321,Stable,Stable
mp-780877,-2.4501914978027344,-2.328230381011963,mp-780877,0.05726210294117706,Stable,Stable
mp-1095577,-0.6748960018157959,-0.5569965839385986,mp-1095577,0.0,Stable,Stable
mp-530613,-0.1530657261610031,-0.0697489976882934,mp-530613,0.04014986394200637,Stable,Stable
mp-28809,-0.673885703086853,-0.6089833974838257,mp-28809,0.00687656824999916,Stable,Stable
mp-568184,-0.4987667500972748,-0.5666451454162598,mp-568184,0.0,Stable,Stable
mp-1199204,-2.098118782043457,-1.937310814857483,mp-1199204,0.1785416273863749,Stable,Stable
mp-2219183,-2.684596538543701,-2.56723952293396,mp-2219183,0.251649528056312,Stable,Stable
mp-1203864,-2.4711685180664062,-2.2675063610076904,mp-1203864,0.00057345050439217,Stable,Stable
mp-16097,-3.442636489868164,-3.3086180686950684,mp-16097,0.0,Stable,Stable
mp-1491,-0.7610839009284973,-0.7323186993598938,mp-1491,0.0,Stable,Stable
mp-1180894,0.1490021497011184,0.0586702823638916,mp-1180894,0.6158759374999994,Unstable,Unstable
mp-759159,-2.280618190765381,-2.1729836463928223,mp-759159,0.055067085145838135,Stable,Stable
mp-1211079,-3.59260630607605,-3.426758050918579,mp-1211079,0.0,Stable,Stable
mp-1072629,-0.341663122177124,-0.3846629858016968,mp-1072629,0.0,Stable,Stable
mp-1020611,-2.665151357650757,-2.525887012481689,mp-1020611,0.011907617115384461,Stable,Stable
mp-772644,-2.5246810913085938,-2.4028849601745605,mp-772644,0.08436201249999442,Stable,Stable
mp-581471,-0.3921160101890564,-0.4483022689819336,mp-581471,0.0,Stable,Stable
mp-554344,-2.764469146728516,-2.663005113601685,mp-554344,0.10528172604166564,Stable,Stable
mp-1247928,0.0216329023241996,0.0493010282516479,mp-1247928,0.7167404199999998,Unstable,Unstable
mp-1222376,-2.4140610694885254,-2.2507758140563965,mp-1222376,0.02034160041666766,Stable,Stable
mp-1020634,-3.118267774581909,-2.992805957794189,mp-1020634,0.0,Stable,Stable
mp-1376593,-0.2103860974311828,-0.2622259855270386,mp-1376593,0.3034244402272712,Stable,Stable
mp-1245270,-2.6694858074188232,-2.611358165740967,mp-1245270,0.1285705908333341,Stable,Stable
mp-1213100,-0.6108204126358032,-0.5959763526916504,mp-1213100,0.0,Stable,Stable
mp-22759,-0.3635584414005279,-0.3206988573074341,mp-22759,0.0,Stable,Stable
mp-1190894,0.8554762005805969,-0.5092346668243408,mp-1190894,0.0,Unstable,Stable
mp-5620,-0.4840453267097473,-0.5434209108352661,mp-5620,0.0,Stable,Stable
mp-706621,-2.125727653503418,-2.0252132415771484,mp-706621,0.0,Stable,Stable
mp-559282,-2.5193707942962646,-2.1982736587524414,mp-559282,0.0,Stable,Stable
mp-984836,-0.6335026025772095,-0.6284165382385254,mp-984836,0.0,Stable,Stable
mp-1020624,-2.841275215148926,-2.70627498626709,mp-1020624,0.0011957005303182555,Stable,Stable
mp-15603,-0.5366576910018921,-0.5025991201400757,mp-15603,0.0,Stable,Stable
mp-1004753,-0.22518390417099,-0.1463731527328491,mp-1004753,0.06963110730769095,Stable,Stable
mp-1196535,-0.8384767770767212,-0.8020020723342896,mp-1196535,0.0,Stable,Stable
mp-1203138,-3.279700994491577,-3.0921006202697754,mp-1203138,0.0,Stable,Stable
mp-1215999,-0.3343486785888672,-0.3988622426986694,mp-1215999,0.1852653939583364,Stable,Stable
mp-1106339,-0.4225681126117706,-0.428473949432373,mp-1106339,0.0,Stable,Stable
mp-729083,-2.838158130645752,-2.733529567718506,mp-729083,0.07540068212502327,Stable,Stable
mp-753697,-2.2825214862823486,-2.228774070739746,mp-753697,0.04961915208333245,Stable,Stable
mp-569270,-0.8598989844322205,-0.7999916076660156,mp-569270,0.0,Stable,Stable
mp-769052,-1.9662792682647705,-1.709975242614746,mp-769052,0.08691971131579113,Stable,Stable
mp-7229,0.0509240813553333,0.0011518001556396,mp-7229,0.4354736101190504,Unstable,Unstable
mp-1203593,-1.8794320821762085,-1.8353896141052248,mp-1203593,0.0,Stable,Stable
mp-1018643,-0.6827228665351868,-0.5127108097076416,mp-1018643,0.09077507272727559,Stable,Stable
mp-8408,-0.5797380208969116,-0.5586367845535278,mp-8408,0.013340275000002677,Stable,Stable
mp-623787,-2.7953834533691406,-2.7205700874328613,mp-623787,0.0005399356451611936,Stable,Stable
mp-30907,-0.3531002402305603,-0.3439439535140991,mp-30907,0.004650330909088396,Stable,Stable
mp-20578,-0.5767763257026672,-0.5323140621185303,mp-20578,0.0,Stable,Stable
mp-4870,-2.292747735977173,-2.203866958618164,mp-4870,0.0,Stable,Stable
mp-865047,-0.6077663898468018,-0.518538236618042,mp-865047,0.0,Stable,Stable
mp-1214407,-1.5739431381225586,-0.9005130529403687,mp-1214407,1.2537079676666547,Stable,Stable
mp-5578,-0.4859529137611389,-0.5807652473449707,mp-5578,0.0,Stable,Stable
mp-1006099,-0.629475474357605,-0.6249144077301025,mp-1006099,0.022622690055552397,Stable,Stable
mp-770287,-2.4205689430236816,-2.306919813156128,mp-770287,0.10884758468750189,Stable,Stable
mp-852825,0.6658692359924316,0.3010523319244385,mp-852825,2.764747316969694,Unstable,Unstable
mp-1216907,-0.7036714553833008,-0.7147957682609558,mp-1216907,0.01259422250000064,Stable,Stable
mp-978917,0.9366946816444396,0.8643829822540283,mp-978917,0.9366946689583351,Unstable,Unstable
mp-567433,-0.6605184674263,-0.6203533411026001,mp-567433,0.11623930249999903,Stable,Stable
mp-759614,-2.065241813659668,-1.9982268810272217,mp-759614,0.10367277705881417,Stable,Stable
mp-995282,-0.0861254781484603,-0.0193045139312744,mp-995282,0.13323522291666645,Stable,Stable
mp-1201055,-0.4165523052215576,-0.4723045825958252,mp-1201055,0.0029654404861112482,Stable,Stable
mp-1103182,-0.285761296749115,-0.2786965370178222,mp-1103182,0.0,Stable,Stable
mp-1198031,-2.9012699127197266,-2.7632431983947754,mp-1198031,0.0,Stable,Stable
mp-770880,-2.2593703269958496,-2.14257287979126,mp-770880,0.07739651236111733,Stable,Stable
mp-1189682,-0.340272843837738,-0.4165632724761963,mp-1189682,0.22176850937499992,Stable,Stable
mp-1228929,-0.3775229752063751,-0.41024911403656,mp-1228929,0.03893686584192402,Stable,Stable
mp-1203780,-0.9114913940429688,-0.6057604551315308,mp-1203780,0.796526285698981,Stable,Stable
mp-3186,-0.4672984182834625,-0.5185983180999756,mp-3186,0.0,Stable,Stable
mp-1026902,0.1533111184835434,0.1737223863601684,mp-1026902,0.18860414718750018,Unstable,Unstable
mp-1203666,-0.6527586579322815,-0.5700548887252808,mp-1203666,0.10924777847222256,Stable,Stable
mp-759860,-2.2826876640319824,-2.1844701766967773,mp-759860,0.05299745936806044,Stable,Stable
mp-1181233,-1.0579273700714111,-0.7466775178909302,mp-1181233,0.6150524449404884,Stable,Stable
mp-556826,-3.1117091178894043,-2.9653515815734863,mp-556826,0.016892269642843516,Stable,Stable
mp-1036398,-2.783541440963745,-2.675780296325684,mp-1036398,0.22956265929687447,Stable,Stable
mp-1191371,-0.6923985481262207,-0.6266919374465942,mp-1191371,0.0,Stable,Stable
mp-31017,-1.5678030252456665,-1.5746254920959473,mp-31017,0.006411991818183083,Stable,Stable
mp-676049,-3.226841688156128,-3.1559762954711914,mp-676049,0.0738720995833333,Stable,Stable
mp-17236,-0.3110952377319336,-0.3061379194259643,mp-17236,0.0,Stable,Stable
mp-1246929,-1.6924580335617063,-1.738705039024353,mp-1246929,0.018225015000002287,Stable,Stable
mp-1199949,-4.045778751373291,-3.6720800399780273,mp-1199949,0.0,Stable,Stable
mp-618324,-0.4922240376472473,-0.5316853523254395,mp-618324,0.041130589999999856,Stable,Stable
mp-6709,-3.425501585006714,-3.231485366821289,mp-6709,0.0,Stable,Stable
mp-3693,-0.695432722568512,-0.6004116535186768,mp-3693,0.11294318209090903,Stable,Stable
mp-24065,-1.860621213912964,-1.7336801290512085,mp-24065,0.007663695681824123,Stable,Stable
mp-1026386,0.2398090213537216,0.257256269454956,mp-1026386,0.34381585078125054,Unstable,Unstable
mp-1203040,-2.0464208126068115,-1.856293082237244,mp-1203040,0.0,Stable,Stable
mp-1180610,-1.545964598655701,-1.4998154640197754,mp-1180610,0.5267281909356853,Stable,Stable
mp-1191340,-0.4595962464809418,-0.3357774019241333,mp-1191340,0.01871822181818228,Stable,Stable
mp-31052,-1.0249227285385132,-0.9071578979492188,mp-31052,0.0,Stable,Stable
mp-1194164,-0.0948105901479721,-0.1294748783111572,mp-1194164,0.02980477683908056,Stable,Stable
mp-11593,-0.6719608306884766,-0.5876296758651733,mp-11593,0.0,Stable,Stable
mp-1929,-0.5418207049369812,-0.4662575721740722,mp-1929,0.0,Stable,Stable
mp-21252,-0.4537602365016937,-0.4575197696685791,mp-21252,0.0,Stable,Stable
mp-1181156,-1.1113945245742798,-0.8359838128089905,mp-1181156,0.5324099957598012,Stable,Stable
mp-1105235,-1.9099985361099243,-1.7790639400482178,mp-1105235,0.0,Stable,Stable
mp-1214020,-3.383046865463257,-3.210885524749756,mp-1214020,0.0,Stable,Stable
mp-1205010,-0.3841584324836731,-0.4268031120300293,mp-1205010,0.008731994652778852,Stable,Stable
mp-1106361,-0.1894230395555496,-0.4192036390304565,mp-1106361,0.21268745092593022,Stable,Stable
mp-6126,-2.3040003776550293,-2.129854917526245,mp-6126,0.0,Stable,Stable
mp-1226057,-0.1110533997416496,-0.0951523780822753,mp-1226057,0.0015279084558805778,Stable,Stable
mp-30529,-0.0492542646825313,0.1108089685440063,mp-30529,0.02219420865767141,Stable,Unstable
mp-1208224,-0.5960996747016907,-0.5832748413085938,mp-1208224,0.0,Stable,Stable
mp-567836,-0.3809224665164947,-0.4046117067337036,mp-567836,0.0,Stable,Stable
mp-569299,-0.0948120206594467,0.0202406644821167,mp-569299,0.02428812983333284,Stable,Unstable
mp-1017377,0.2186312228441238,0.196292757987976,mp-1017377,0.2819104990625001,Unstable,Unstable
mp-1202632,-3.767054080963135,-3.5036392211914062,mp-1202632,0.008440936192307902,Stable,Stable
mp-1197482,-0.3794291615486145,-0.1632951498031616,mp-1197482,0.046722307136363384,Stable,Stable
mp-1087507,-0.40327188372612,-0.4008423089981079,mp-1087507,0.11804420599999865,Stable,Stable
mp-631552,0.8292758464813232,1.1559491157531738,mp-631552,1.5807060342735042,Unstable,Unstable
mp-776581,-2.431483268737793,-2.3225293159484863,mp-776581,0.0759702558823534,Stable,Stable
mp-5678,-0.7080328464508057,-0.6896119117736816,mp-5678,0.012205608529407108,Stable,Stable
mp-1225248,-0.2958242297172546,-0.324216365814209,mp-1225248,0.017152989791666684,Stable,Stable
mp-1078212,0.1188006848096847,0.143428087234497,mp-1078212,0.4097141330000005,Unstable,Unstable
mp-752566,-2.6076626777648926,-2.4985640048980717,mp-752566,0.054509037796046655,Stable,Stable
mp-1078935,0.1949745565652847,0.1275883913040161,mp-1078935,0.21537653127604095,Unstable,Unstable
mp-22165,-0.4587169885635376,-0.4170966148376465,mp-22165,0.0041185368888845275,Stable,Stable
mp-776609,-2.4323017597198486,-2.326371669769287,mp-776609,0.07515171725490255,Stable,Stable
mp-1222698,0.3274270296096802,0.3800058364868164,mp-1222698,0.4772190655555555,Unstable,Unstable
mp-1214811,-0.751871645450592,-0.6563236713409424,mp-1214811,0.10020780977272725,Stable,Stable
mp-6044,-3.249417304992676,-3.045015811920166,mp-6044,0.0,Stable,Stable
mp-1007823,-0.657150387763977,-0.5827317237854004,mp-1007823,0.3843638125000002,Stable,Stable
mp-561154,-3.1799278259277344,-3.0431294441223145,mp-561154,0.01566198784999351,Stable,Stable
mp-1245228,-0.7468010187149048,-0.7853516340255737,mp-1245228,0.6661779873999993,Stable,Stable
mp-1344419,-1.2695696353912354,-1.8393625020980835,mp-1344419,1.2398420583695602,Stable,Stable
mp-1016576,0.3169130384922027,0.2787232398986816,mp-1016576,0.40488536502232364,Unstable,Unstable
mp-554590,-2.2769224643707275,-2.1972031593322754,mp-554590,0.04206630979166537,Stable,Stable
mp-1096558,2.697044610977173,3.5204482078552246,mp-1096558,3.03847169875,Unstable,Unstable
mp-705892,-0.2053266316652298,-0.2293733358383178,mp-705892,0.43828203210278627,Stable,Stable
mp-1219420,-2.196479320526123,-2.148966789245605,mp-1219420,0.11430820550128917,Stable,Stable
mp-1034638,-2.7234463691711426,-2.6364006996154785,mp-1034638,0.19226531758500442,Stable,Stable
mp-984628,-2.0209403038024902,-1.9559035301208496,mp-984628,0.8975609750000029,Stable,Stable
mp-1063752,-0.2155048102140426,-0.2871387004852295,mp-1063752,0.21355027500000112,Stable,Stable
mp-1228687,-0.011220259591937,-0.13105309009552,mp-1228687,0.2579644106666681,Stable,Stable
mp-5457,-0.2357285767793655,-0.2495521306991577,mp-5457,0.028043287036291886,Stable,Stable
mp-764966,-2.794652938842773,-2.673903465270996,mp-764966,0.00921725010869423,Stable,Stable
mp-306,-2.798056364059448,-2.666612148284912,mp-306,0.0,Stable,Stable
mp-28787,-0.3348208665847778,-0.3056520223617553,mp-28787,0.0,Stable,Stable
mp-776982,-2.4694509506225586,-2.318084716796875,mp-776982,0.0399606696739081,Stable,Stable
mp-978275,-0.1578912287950515,-0.1063708066940307,mp-978275,0.0,Stable,Stable
mp-764620,-2.227581739425659,-2.1283082962036133,mp-764620,0.08034707761905224,Stable,Stable
mp-1191384,-0.202092707157135,-0.2118095159530639,mp-1191384,0.31258529611111197,Stable,Stable
mp-1191553,-0.6338972449302673,-0.4774172306060791,mp-1191553,0.0,Stable,Stable
mp-1038412,-2.8799099922180176,-2.729077816009521,mp-1038412,0.13366302501984073,Stable,Stable
mp-1188319,-0.2586023211479187,-0.3689988851547241,mp-1188319,0.04253688593749949,Stable,Stable
mp-1199830,-0.2467767298221588,-0.2467122077941894,mp-1199830,0.010778075000000165,Stable,Stable
mp-771295,-2.438001871109009,-2.2902016639709477,mp-771295,0.07695781625000109,Stable,Stable
mp-1078932,-0.3156647086143493,-0.3652718067169189,mp-1078932,0.2069408113333342,Stable,Stable
mp-759926,-2.8992576599121094,-2.711827278137207,mp-759926,0.06196080409090676,Stable,Stable
mp-4779,-2.805007219314575,-2.652613639831543,mp-4779,0.002735776057693151,Stable,Stable
mp-1180602,-0.6311284303665161,-0.6635236740112305,mp-1180602,0.9616404422619045,Stable,Stable
mp-554391,-2.4414021968841557,-2.355405330657959,mp-554391,0.018891587708333546,Stable,Stable
mp-768795,-2.445634126663208,-2.2540283203125,mp-768795,0.05180501472221,Stable,Stable
mp-23184,-1.0426613092422483,-0.6691936254501343,mp-23184,0.0,Stable,Stable
mp-622018,-1.8199803829193115,-1.5621293783187866,mp-622018,0.0,Stable,Stable
mp-504583,-1.984597086906433,-1.8382155895233157,mp-504583,0.15575309309523266,Stable,Stable
mp-1210883,-3.4246113300323486,-3.226719379425049,mp-1210883,0.02922265879629471,Stable,Stable
mp-721901,-2.058823585510254,-1.9728903770446775,mp-721901,0.0,Stable,Stable
mp-560038,-2.5974466800689697,-2.4495391845703125,mp-560038,0.004611642291665774,Stable,Stable
mp-1201604,-1.721707820892334,-1.4354493618011477,mp-1201604,0.1096971391071424,Stable,Stable
mp-1219289,-0.4465971887111664,-0.378009557723999,mp-1219289,0.008021677916659087,Stable,Stable
mp-613327,-0.3766669929027557,-0.3246066570281982,mp-613327,0.05015344200000271,Stable,Stable
mp-1179542,-2.542295217514038,-2.448984146118164,mp-1179542,0.028157802643237417,Stable,Stable
mp-23131,-1.707972526550293,-1.5815064907073977,mp-23131,0.07692378888889007,Stable,Stable
mp-1199150,-3.324694395065308,-3.142071008682251,mp-1199150,0.02300732175346276,Stable,Stable
mp-2646940,-0.4135241508483886,-0.228872537612915,mp-2646940,0.0033349085937501854,Stable,Stable
mp-754409,-3.5305516719818115,-3.3066296577453613,mp-754409,0.026502322999998995,Stable,Stable
mp-29611,-0.0552322082221508,0.2394604682922363,mp-29611,0.032704372639860146,Stable,Unstable
mp-989460,-0.3274810910224914,-0.3263070583343506,mp-989460,0.18632945431818015,Stable,Stable
mp-30977,-0.270302802324295,-0.157309889793396,mp-30977,0.08844604770833353,Stable,Stable
mp-1220740,-2.3050854206085205,-2.0646350383758545,mp-1220740,0.16309982889535313,Stable,Stable
mp-770346,-2.5103909969329834,-2.3476390838623047,mp-770346,0.11457667624999957,Stable,Stable
mp-5401,-3.20761775970459,-3.07371187210083,mp-5401,0.0,Stable,Stable
mp-1106229,-0.5533790588378906,-0.5714815855026245,mp-1106229,0.0,Stable,Stable
mp-759466,-2.244067668914795,-2.14949631690979,mp-759466,0.07785114444039287,Stable,Stable
mp-20318,-0.2536689043045044,-0.3956949710845947,mp-20318,0.09845301683908225,Stable,Stable
mp-740714,-2.5712876319885254,-2.4434826374053955,mp-740714,0.0,Stable,Stable
mp-505472,-0.4028855860233307,-0.3405059576034546,mp-505472,0.0,Stable,Stable
mp-1190063,-0.753210186958313,-0.7297440767288208,mp-1190063,0.14450353397776894,Stable,Stable
mp-1216800,-0.0824383571743965,-0.0346584320068359,mp-1216800,0.0,Stable,Stable
mp-4382,-0.4606779217720032,-0.5239951610565186,mp-4382,0.0,Stable,Stable
mp-760227,-2.2606167793273926,-2.152472496032715,mp-760227,0.06834158105113808,Stable,Stable
mp-850784,-2.4541103839874268,-2.3206892013549805,mp-850784,0.053343268823530465,Stable,Stable
mp-1189409,-0.6099256873130798,-0.638036847114563,mp-1189409,0.14231309246527601,Stable,Stable
mp-2038642,-0.4041581451892853,-0.3585569858551025,mp-2038642,0.0,Stable,Stable
mp-558842,-3.6130216121673584,-3.412767171859741,mp-558842,0.021762771697529715,Stable,Stable
mp-556885,-2.3222360610961914,-2.270843982696533,mp-556885,0.13805793895833318,Stable,Stable
mp-1215838,-0.4285200238227844,-0.3923083543777466,mp-1215838,0.0,Stable,Stable
mp-10811,-1.218603491783142,-1.2121310234069824,mp-10811,0.0,Stable,Stable
mp-944,-0.0504131205379962,-0.0378268957138061,mp-944,0.01683494079999992,Stable,Stable
mp-14384,-3.305286407470703,-3.135140419006348,mp-14384,0.0,Stable,Stable
mp-585,-0.3071470260620117,-0.4602038860321045,mp-585,0.06919970777777884,Stable,Stable
mp-1192099,-0.9133217930793762,-0.7806101441383362,mp-1192099,0.835463378958333,Stable,Stable
mp-31408,-3.083472967147827,-2.8477938175201416,mp-31408,0.0,Stable,Stable
mp-696210,-0.3856025040149688,-0.1669591665267944,mp-696210,0.2964991702777757,Stable,Stable
mp-1198383,-3.218674898147583,-3.0876598358154297,mp-1198383,0.06333099225961547,Stable,Stable
mp-10814,-2.999272108078003,-2.8280060291290283,mp-10814,0.0,Stable,Stable
mp-1183052,-2.4753894805908203,-2.1695632934570312,mp-1183052,0.7924727446666662,Stable,Stable
mp-1200744,-2.6793975830078125,-2.553255081176758,mp-1200744,0.005010448167360515,Stable,Stable
mp-558951,-2.598102569580078,-2.481040477752685,mp-558951,0.001026081469597706,Stable,Stable
mp-542819,-0.5043458342552185,-0.5453680753707886,mp-542819,0.07775667285714238,Stable,Stable
mp-20857,-0.2975242435932159,-0.3593910932540893,mp-20857,0.0,Stable,Stable
mp-561187,-2.7739806175231934,-2.5561089515686035,mp-561187,0.014284961135418328,Stable,Stable
mp-3977,-2.809898614883423,-2.768140316009521,mp-3977,0.0,Stable,Stable
mp-1220622,-0.3732258081436157,-0.3251347541809082,mp-1220622,0.026917339121947492,Stable,Stable
mp-1195239,-2.0363123416900635,-1.8934911489486692,mp-1195239,0.007572932035719404,Stable,Stable
mp-1035836,-2.657959222793579,-2.593062400817871,mp-1035836,0.25820172427859145,Stable,Stable
mp-631543,1.0475821495056152,1.2404239177703855,mp-631543,1.0812061572666671,Unstable,Unstable
mp-1197241,-0.4265594482421875,-0.4107966423034668,mp-1197241,0.15680409211806534,Stable,Stable
mp-505535,-0.1557851135730743,-0.1347221136093139,mp-505535,0.09158099543859777,Stable,Stable
mp-707129,-2.132432699203491,-2.025059223175049,mp-707129,0.010383757277764083,Stable,Stable
mp-1196433,-3.5606794357299805,-3.3469457626342773,mp-1196433,0.030831128571431776,Stable,Stable
mp-1208405,-0.7471718788146973,-0.714098334312439,mp-1208405,0.0,Stable,Stable
mp-971813,-0.6531475782394409,-0.653136134147644,mp-971813,0.0,Stable,Stable
mp-1200259,-2.08974838256836,-2.265026569366455,mp-1200259,0.5590842024088456,Stable,Stable
mp-2997,-0.59160977602005,-0.5364911556243896,mp-2997,0.0,Stable,Stable
mp-1190869,-0.3826571404933929,-0.3218576908111572,mp-1190869,0.0030961716666668693,Stable,Stable
mp-14234,-2.9277148246765137,-2.762028217315674,mp-14234,0.0,Stable,Stable
mp-1087531,-0.4997012913227081,-0.2357157468795776,mp-1087531,0.8066395726041664,Stable,Stable
mp-1190368,-0.5878800749778748,-0.5472527742385864,mp-1190368,0.0,Stable,Stable
mp-568143,-0.6482481956481934,-0.5902070999145508,mp-568143,0.0,Stable,Stable
mp-27794,-2.9443230628967285,-2.8294382095336914,mp-27794,0.0,Stable,Stable
mp-766514,-2.3625144958496094,-2.202453136444092,mp-766514,0.054970505543478154,Stable,Stable
mp-631520,0.8922200798988342,0.7440426349639893,mp-631520,1.1698621656250001,Unstable,Unstable
mp-675734,-0.4124928712844848,-0.3579167127609253,mp-675734,0.032867051403842495,Stable,Stable
mp-866301,-1.210869073867798,-1.032407522201538,mp-866301,0.0,Stable,Stable
mp-1178967,-0.5774114727973938,-0.5808650255203247,mp-1178967,0.011373627979797796,Stable,Stable
mp-12295,-3.3730616569519043,-3.168335437774658,mp-12295,0.003312745357140656,Stable,Stable
mp-23694,-0.2675325870513916,-0.386272668838501,mp-23694,0.12600371779761854,Stable,Stable
mp-1079255,-0.7445248365402222,-0.735236406326294,mp-1079255,0.0,Stable,Stable
mp-1207706,-0.6875569224357605,-0.682613730430603,mp-1207706,0.0,Stable,Stable
mp-1020637,-3.130190372467041,-2.971519470214844,mp-1020637,0.0,Stable,Stable
mp-505372,-0.1979597955942154,-0.3287065029144287,mp-505372,0.0,Stable,Stable
mp-1191543,-0.6704936027526855,-0.5723270177841187,mp-1191543,0.0,Stable,Stable
mp-770151,-2.52069091796875,-2.3760876655578613,mp-770151,0.10427679999999917,Stable,Stable
mp-736232,-2.6899914741516118,-2.531856060028076,mp-736232,0.08237477458333409,Stable,Stable
mp-882858,-2.225236654281616,-2.1225106716156006,mp-882858,0.08269216761905263,Stable,Stable
mp-559066,-3.128973484039306,-2.981752872467041,mp-559066,0.0078351536962451,Stable,Stable
mp-1203797,-3.589740514755249,-3.3416852951049805,mp-1203797,0.0020745589534936215,Stable,Stable
mp-556463,-2.35617733001709,-2.2025866508483887,mp-556463,0.00967896382893052,Stable,Stable
mp-758885,-2.482896566390991,-2.388647556304932,mp-758885,0.11188947277314476,Stable,Stable
mp-1226691,-1.7498563528060913,-1.6570003032684326,mp-1226691,0.05199952310606104,Stable,Stable
mp-562349,-2.389462947845459,-2.245290517807007,mp-562349,0.09913987792824219,Stable,Stable
mp-1199093,-0.5267554521560669,-0.5798777341842651,mp-1199093,0.02956294370270207,Stable,Stable
mp-1204495,-3.207283735275269,-3.0725231170654297,mp-1204495,0.0,Stable,Stable
mp-1023310,0.3891007602214813,0.3256654739379883,mp-1023310,0.4176301920703125,Unstable,Unstable
mp-1104018,-0.4000542759895324,-0.4260410070419311,mp-1104018,0.011914716730768049,Stable,Stable
mp-560278,-3.3651371002197266,-3.1625430583953857,mp-560278,0.018498564624998437,Stable,Stable
mp-15604,-0.6533817648887634,-0.5883982181549072,mp-15604,0.0,Stable,Stable
mp-768868,-2.52531361579895,-2.350611925125122,mp-768868,0.09965425781249948,Stable,Stable
mp-1101842,-0.5161500573158264,-0.4938288927078247,mp-1101842,0.0,Stable,Stable
mp-720430,-2.125655174255371,-1.9985156059265137,mp-720430,0.00493095199998983,Stable,Stable
mp-9047,-1.0174446105957031,-0.8984522819519043,mp-9047,0.0,Stable,Stable
mp-1213140,-0.5656737685203552,-0.5557821989059448,mp-1213140,0.0,Stable,Stable
mp-1188221,-0.393268346786499,-0.4078938961029053,mp-1188221,0.0,Stable,Stable
mp-1297731,-1.939386248588562,-1.9173557758331297,mp-1297731,0.2726196806250023,Stable,Stable
mp-1191090,-0.5350359082221985,-0.4476735591888428,mp-1191090,0.0,Stable,Stable
mp-1019743,-0.6322928667068481,-0.5655633211135864,mp-1019743,0.2234889624999994,Stable,Stable
mp-761198,-2.2911570072174072,-2.1826601028442383,mp-761198,0.04452820759028242,Stable,Stable
mp-28395,-0.3262236416339874,-0.0494788885116577,mp-28395,0.0,Stable,Stable
mp-1217964,-0.4866416454315185,-0.4006766080856323,mp-1217964,0.006233564531250124,Stable,Stable
mp-1216968,-0.6115010380744934,-0.6263763904571533,mp-1216968,0.04259409398809311,Stable,Stable
mp-9844,-3.25227952003479,-2.952676773071289,mp-9844,0.0,Stable,Stable
mp-1181688,-2.7955570220947266,-2.7266716957092285,mp-1181688,0.00036635483871005903,Stable,Stable
mp-1215713,-2.1943609714508057,-2.0419459342956543,mp-1215713,0.03025127854545584,Stable,Stable
mp-21902,-0.6107552647590637,-0.528895378112793,mp-21902,0.0,Stable,Stable
mp-1197682,-0.415425032377243,-0.3958519697189331,mp-1197682,0.015535453297103707,Stable,Stable
mp-634464,0.5685106515884399,0.8355298042297363,mp-634464,1.133596951785714,Unstable,Unstable
mp-1026514,0.2557678818702698,0.2992687225341797,mp-1026514,0.35197271906250016,Unstable,Unstable
mp-1226435,-0.2340641319751739,-0.3264093399047851,mp-1226435,0.0829476841249992,Stable,Stable
mp-981396,-0.5564558506011963,-0.5686162710189819,mp-981396,0.0,Stable,Stable
mp-768235,-2.2474136352539062,-2.01260757446289,mp-768235,0.062019125833328914,Stable,Stable
mp-662590,-0.556791365146637,-0.520993709564209,mp-662590,0.0,Stable,Stable
mp-510376,-0.7999052405357361,-0.7359985709190369,mp-510376,0.0,Stable,Stable
mp-504861,-0.4499359130859375,-0.4441783428192138,mp-504861,0.11921641833334551,Stable,Stable
mp-1078541,-0.0672438815236091,-0.0545238256454467,mp-1078541,0.6392456137500009,Stable,Stable
mp-1019615,-2.693396806716919,-2.5773298740386963,mp-1019615,0.0,Stable,Stable
mp-752427,-2.165337324142456,-2.0619454383850098,mp-752427,0.07812748041666051,Stable,Stable
mp-769383,-2.185642957687378,-1.929711103439331,mp-769383,0.09628490948147395,Stable,Stable
mp-1213631,-2.994879961013794,-2.901427745819092,mp-1213631,0.018881749222224187,Stable,Stable
mp-1210590,-0.1073341816663742,-0.0536251068115234,mp-1210590,0.019948813092543816,Stable,Stable
mp-764465,-2.273505210876465,-2.1669857501983643,mp-764465,0.05545326855113775,Stable,Stable
mp-780180,-2.4673211574554443,-2.320479154586792,mp-780180,0.04209057097825486,Stable,Stable
mp-20814,-0.4013464450836181,-0.3973990678787231,mp-20814,0.14425887499999845,Stable,Stable
mp-631526,1.411171793937683,1.7537763118743896,mp-631526,1.4307940161111112,Unstable,Unstable
mp-1190703,-0.6493887305259705,-0.5947946310043335,mp-1190703,0.0,Stable,Stable
mp-18259,-3.0229477882385254,-2.8846864700317383,mp-18259,0.015123113750007633,Stable,Stable
mp-1079837,-0.4659196436405182,-0.4970893859863281,mp-1079837,0.0,Stable,Stable
mp-1226156,-0.0882506296038627,-0.0809656381607055,mp-1226156,0.0,Stable,Stable
mp-764722,-2.248558282852173,-2.144944906234741,mp-764722,0.07336040862643944,Stable,Stable
mp-1223473,-0.4515423774719238,-0.5131909847259521,mp-1223473,0.002754709999999605,Stable,Stable
mp-972467,-0.579255223274231,-0.5982377529144287,mp-972467,0.0,Stable,Stable
mp-1226219,-0.2936521470546722,-0.2964967489242553,mp-1226219,0.09566120500000075,Stable,Stable
mp-1225826,-0.208210751414299,-0.2451117038726806,mp-1225826,0.0,Stable,Stable
mp-1104788,-2.366990327835083,-2.289202213287353,mp-1104788,0.1587548599206361,Stable,Stable
mp-2223622,-2.721599817276001,-2.510093212127685,mp-2223622,0.12200689776785723,Stable,Stable
mp-16086,-0.386898398399353,-0.3569159507751465,mp-16086,0.0,Stable,Stable
mp-1191390,-0.5025447607040405,-0.5739883184432983,mp-1191390,0.0,Stable,Stable
mp-1025246,-0.588716983795166,-0.6074951887130737,mp-1025246,0.0,Stable,Stable
mp-27349,-2.523463726043701,-2.129734754562378,mp-27349,0.0,Stable,Stable
mp-1105562,-0.3244719803333282,-0.3234411478042602,mp-1105562,0.0,Stable,Stable
mp-1024989,-0.4866546988487243,-0.4846584796905517,mp-1024989,0.06645190401515233,Stable,Stable
mp-1023279,0.3831194639205932,0.3271644115447998,mp-1023279,0.41164890457031245,Unstable,Unstable
mp-1210846,-0.6302139163017273,-0.5888171195983887,mp-1210846,0.0,Stable,Stable
mp-780655,-2.4603464603424072,-2.333428382873535,mp-780655,0.04906525576086551,Stable,Stable
mp-1197108,-0.3196486532688141,-0.2731121778488159,mp-1197108,0.002635782065213199,Stable,Stable
mp-9259,-3.1270456314086914,-2.9793570041656494,mp-9259,0.0,Stable,Stable
mp-1228634,-0.2607456147670746,-0.2209254503250122,mp-1228634,0.03525742763888928,Stable,Stable
mp-768788,-2.392489433288574,-2.2085444927215576,mp-768788,0.07323644562499787,Stable,Stable
mp-770155,-2.57792329788208,-2.4053051471710205,mp-770155,0.04920753166667069,Stable,Stable
mp-616575,-0.0284482482820749,-0.3605202436447143,mp-616575,0.499734645000002,Stable,Stable
mp-1199209,-0.2784415483474731,-0.2634754180908203,mp-1199209,0.1552344464655171,Stable,Stable
mp-1207451,-1.906651735305786,-1.822190761566162,mp-1207451,0.07285284875000375,Stable,Stable
mp-1201098,-2.711193323135376,-2.6101434230804443,mp-1201098,0.0004428440476162976,Stable,Stable
mp-1095435,-0.5753315091133118,-0.5686752796173096,mp-1095435,0.0,Stable,Stable
mp-13235,-0.6233319640159607,-0.5781924724578857,mp-13235,0.13702697243055795,Stable,Stable
mp-1008527,-0.4238838255405426,-0.6191129684448242,mp-1008527,0.3234096225520844,Stable,Stable
mp-1201345,-3.165783405303955,-2.9087605476379395,mp-1201345,0.003986268750001187,Stable,Stable
mp-8048,-0.421623021364212,-0.3575443029403686,mp-8048,0.0,Stable,Stable
mp-1105310,-0.626482367515564,-0.60787034034729,mp-1105310,0.06767581397222244,Stable,Stable
mp-3689,-0.1827912032604217,-0.158613920211792,mp-3689,0.021331891656974022,Stable,Stable
mp-8878,-3.0886237621307373,-2.9733188152313232,mp-8878,0.03449521107145692,Stable,Stable
mp-1105638,-0.5780856609344482,-0.5811512470245361,mp-1105638,0.014550173777774233,Stable,Stable
mp-1189091,-2.7564542293548584,-2.6506600379943848,mp-1189091,0.03045235255552381,Stable,Stable
mp-1104122,-0.2862889468669891,-0.3772403001785278,mp-1104122,0.1521638876923106,Stable,Stable
mp-1209773,-3.1324732303619385,-2.943240165710449,mp-1209773,0.0,Stable,Stable
mp-1228638,-0.6677722930908203,-0.8159579038619995,mp-1228638,0.46261087549999935,Stable,Stable
mp-1200125,-0.1429196894168853,-0.1132144927978515,mp-1200125,0.0,Stable,Stable
mp-1020670,-3.014835834503174,-2.898369312286377,mp-1020670,0.008882567905093453,Stable,Stable
mp-1026827,0.2818223834037781,0.2737945318222046,mp-1026827,0.29831344074999944,Unstable,Unstable
mp-1188995,-0.3034992814064026,-0.3727670907974243,mp-1188995,0.057233168374999366,Stable,Stable
mp-262,-0.0998149588704109,-0.1166704893112182,mp-262,0.0,Stable,Stable
mp-17268,-3.037570714950561,-2.909329414367676,mp-17268,0.006002920784306198,Stable,Stable
mp-1188450,-0.370408833026886,-0.3453272581100464,mp-1188450,0.048761751500002504,Stable,Stable
mp-1204691,-2.753256559371948,-2.6388909816741943,mp-1204691,0.09512502697916858,Stable,Stable
mp-1022493,0.3351753950119018,0.2926315069198608,mp-1022493,0.5203050112500005,Unstable,Unstable
mp-1100874,-3.485943078994751,-3.2967183589935303,mp-1100874,0.036316580666667875,Stable,Stable
mp-6076,-3.3791697025299072,-3.204556941986084,mp-6076,0.0,Stable,Stable
mp-1196291,-0.1024986207485199,-0.0485130548477172,mp-1196291,0.11187220761719274,Stable,Stable
mp-1225884,-0.456351637840271,-0.3276160955429077,mp-1225884,0.0,Stable,Stable
mp-556226,-2.7835443019866943,-2.675724506378174,mp-556226,0.00106322620370225,Stable,Stable
mp-1228657,-0.2431923300027847,-0.1417608261108398,mp-1228657,0.09159416795454689,Stable,Stable
mp-779296,-2.484172344207764,-2.332190752029419,mp-779296,0.02807226069149049,Stable,Stable
mp-776517,-2.4592931270599365,-2.334660530090332,mp-776517,0.05011861836955944,Stable,Stable
mp-1235124,-2.521446466445923,-2.487704038619995,mp-1235124,0.19226123641427684,Stable,Stable
mp-1222450,-3.4850258827209477,-3.3491616249084477,mp-1222450,0.08412566200000171,Stable,Stable
mp-1026772,0.1527474224567413,0.1469171047210693,mp-1026772,0.21747537953125007,Unstable,Unstable
mp-1196945,-2.1334052085876465,-1.9859209060668943,mp-1196945,0.0,Stable,Stable
mp-8891,-2.9816019535064697,-2.8305606842041016,mp-8891,0.0,Stable,Stable
mp-12954,-0.5922099351882935,-0.6639598608016968,mp-12954,0.0,Stable,Stable
mp-1034600,-2.7934930324554443,-2.664273977279663,mp-1034600,0.19100541437500151,Stable,Stable
mp-6084,-0.3726853132247925,-0.344219446182251,mp-6084,0.0,Stable,Stable
mp-3467,-0.4796236157417297,-0.4903221130371094,mp-3467,0.024248041666663056,Stable,Stable
mp-1203290,-0.2574797570705414,-0.2573314905166626,mp-1203290,0.016246267720592567,Stable,Stable
mp-778811,-2.2984635829925537,-2.235445976257324,mp-778811,0.09425870104923995,Stable,Stable
mp-1200778,-0.6681250333786011,-0.5751506090164185,mp-1200778,0.0,Stable,Stable
mp-20689,-0.6726877093315125,-0.5486403703689575,mp-20689,0.0,Stable,Stable
mp-851119,-2.4208216667175293,-2.3076283931732178,mp-851119,0.0825376252272747,Stable,Stable
mp-554041,-2.946624279022217,-2.7426724433898926,mp-554041,0.0,Stable,Stable
mp-1191882,-0.5779342651367188,-0.5076994895935059,mp-1191882,0.0,Stable,Stable
mp-1184343,-0.198910966515541,-0.2428735494613647,mp-1184343,0.0552364287499989,Stable,Stable
mp-764535,-2.25120210647583,-2.1600797176361084,mp-764535,0.07071674583574161,Stable,Stable
mp-760280,-2.2653775215148926,-2.1662135124206543,mp-760280,0.06358098286932012,Stable,Stable
mp-1189371,-0.7416204810142517,-0.7252095937728882,mp-1189371,0.04873035050000851,Stable,Stable
mp-12315,-3.524008512496948,-3.340937614440918,mp-12315,0.0,Stable,Stable
mp-1207606,-2.57146954536438,-2.3669450283050537,mp-1207606,0.011867183166621942,Stable,Stable
mp-1194942,-3.0741772651672363,-2.930511236190796,mp-1194942,0.025649463816669993,Stable,Stable
mp-1176747,-2.0267317295074463,-1.9793806076049805,mp-1176747,0.12496959430555066,Stable,Stable
mp-1194187,-0.1452450007200241,-0.2003226280212402,mp-1194187,0.031236725344829352,Stable,Stable
mp-850994,-2.4277660846710205,-2.305720567703247,mp-850994,0.07559334272727547,Stable,Stable
mp-568083,-0.4412376284599304,-0.405907392501831,mp-568083,0.0,Stable,Stable
mp-850396,-2.448432207107544,-2.3309011459350586,mp-850396,0.059021280882353366,Stable,Stable
mp-772440,-2.654728412628174,-2.5362589359283447,mp-772440,0.05209484133583331,Stable,Stable
mp-965,-0.6086751818656921,-0.5897773504257202,mp-965,0.01987397799999968,Stable,Stable
mp-1225353,-0.3553017079830169,-0.3456069231033325,mp-1225353,0.02298431716666549,Stable,Stable
mp-1223015,-0.6665818095207214,-0.6230810880661011,mp-1223015,0.026903630833315262,Stable,Stable
mp-10132,-0.325224369764328,-0.2570552825927734,mp-10132,0.0,Stable,Stable
mp-849624,-2.423417568206787,-2.327899932861328,mp-849624,0.0840360108823539,Stable,Stable
mp-1219294,-0.521353542804718,-0.5215437412261963,mp-1219294,0.0,Stable,Stable
mp-776601,-2.652141809463501,-2.50883412361145,mp-776601,0.06372914981481248,Stable,Stable
mp-4674,-1.7526936531066897,-1.7115308046340942,mp-4674,0.0,Stable,Stable
mp-1344863,-1.131736397743225,-1.24176287651062,mp-1344863,1.3460506135118981,Stable,Stable
mp-1211262,-0.9049511551856996,-0.7417426705360413,mp-1211262,0.0,Stable,Stable
mp-571209,-0.3656704425811767,-0.5327715873718262,mp-571209,0.02495004602941009,Stable,Stable
mp-1027987,0.1516608297824859,0.1727125644683838,mp-1027987,0.21035635703124989,Unstable,Unstable
mp-1223329,-0.6430443525314331,-0.6565181016921997,mp-1223329,0.0,Stable,Stable
mp-10145,-0.7654443383216858,-0.4414412975311279,mp-10145,0.0,Stable,Stable
mp-560463,-2.4953153133392334,-2.549010753631592,mp-560463,0.3124278237500011,Stable,Stable
mp-1221663,-2.028834104537964,-1.7967753410339355,mp-1221663,0.0769541239814906,Stable,Stable
mp-556393,-2.9572463035583496,-2.878150463104248,mp-556393,0.0,Stable,Stable
mp-1202841,-0.5208998322486877,-0.4475284814834595,mp-1202841,0.0014794705555534193,Stable,Stable
mp-770344,-2.6649560928344727,-2.5728001594543457,mp-770344,0.068883836699559,Stable,Stable
mp-4676,-0.445867508649826,-0.5568883419036865,mp-4676,0.0,Stable,Stable
mp-1031096,-2.424078226089477,-2.1338398456573486,mp-1031096,0.6218450499508048,Stable,Stable
mp-1225187,-0.1490710079669952,-0.1212271451950073,mp-1225187,0.10939836624999977,Stable,Stable
mp-1226123,-0.1070643290877342,-0.0834734439849853,mp-1226123,0.0022815211029403315,Stable,Stable
mp-764702,-2.2665390968322754,-2.162022113800049,mp-764702,0.06241943377841075,Stable,Stable
mp-556106,-3.4306018352508545,-3.2825725078582764,mp-556106,0.0,Stable,Stable
mp-864993,-0.6830198764801025,-0.6304003000259399,mp-864993,0.0,Stable,Stable
mp-1196534,-0.0833309814333915,-0.0518345832824707,mp-1196534,0.07114925480435019,Stable,Stable
mp-29980,-0.6412302255630493,-0.6956312656402588,mp-29980,0.050205160277780436,Stable,Stable
mp-1191455,-0.6235329508781433,-0.5612409114837646,mp-1191455,0.0,Stable,Stable
mp-560026,-3.102743864059448,-2.903144836425781,mp-560026,0.0,Stable,Stable
mp-1189387,-0.3522102832794189,-0.4238241910934448,mp-1189387,0.02504145662500079,Stable,Stable
mp-764679,-2.265583276748657,-2.1610727310180664,mp-764679,0.06337524877841094,Stable,Stable
mp-1185302,-1.2391895055770874,-1.0041210651397705,mp-1185302,0.9669265611166633,Stable,Stable
mp-1201877,-2.670686960220337,-2.4232120513916016,mp-1201877,0.13112941159909752,Stable,Stable
mp-1200575,-0.6196028590202332,-0.6323071718215942,mp-1200575,0.0,Stable,Stable
mp-1106048,-0.6312574744224548,-0.5691107511520386,mp-1106048,0.02399187106060907,Stable,Stable
mp-27820,-0.0621523410081863,0.0155613422393798,mp-27820,0.031991528021389826,Stable,Unstable
mp-1197022,-1.9215764999389648,-1.6651859283447266,mp-1197022,0.0009535368760396068,Stable,Stable
mp-1183212,-0.3007316291332245,-0.2815783023834228,mp-1183212,1.3272232336666665,Stable,Stable
mp-726927,-0.7822372317314148,-0.8680179715156555,mp-726927,0.44886123914930387,Stable,Stable
mp-1198168,-2.0683093070983887,-1.8517022132873533,mp-1198168,0.13011141847701868,Stable,Stable
mp-1225075,-0.2120206505060196,-0.3064451217651367,mp-1225075,0.026218480144230227,Stable,Stable
mp-1030755,-2.5120058059692383,-2.392842054367065,mp-1030755,0.4186819081250004,Stable,Stable
mp-1224701,-3.1227452754974365,-2.8168184757232666,mp-1224701,0.06403385006250062,Stable,Stable
mp-1208326,-2.785179615020752,-2.6068673133850098,mp-1208326,0.014086737666668903,Stable,Stable
mp-1213419,-1.424867868423462,-1.361680030822754,mp-1213419,0.01765395525463198,Stable,Stable
mp-1202698,-0.3957012593746185,-0.3216145038604736,mp-1202698,0.0,Stable,Stable
mp-1079198,-0.5285959243774414,-0.5926908254623413,mp-1079198,0.01813915694444468,Stable,Stable
mp-1208348,-0.4888792634010315,-0.4125902652740478,mp-1208348,0.0,Stable,Stable
mp-1198324,-2.6397705078125,-2.467207908630371,mp-1198324,0.0,Stable,Stable
mp-1198465,-0.7068643569946289,-0.6292340755462646,mp-1198465,0.0,Stable,Stable
mp-27245,-0.8584036231040955,-0.5916346311569214,mp-27245,0.0,Stable,Stable
mp-850959,-2.478355646133423,-2.3325486183166504,mp-850959,0.03295827250000549,Stable,Stable
mp-768665,-2.394983053207397,-2.230989456176758,mp-768665,0.10245607694443315,Stable,Stable
mp-559759,-3.322331190109253,-3.122492551803589,mp-559759,0.0,Stable,Stable
mp-1212083,-2.576786518096924,-2.359947681427002,mp-1212083,0.016394185187493804,Stable,Stable
mp-699248,-2.703603029251098,-2.5707263946533203,mp-699248,0.04761476356249972,Stable,Stable
mp-20877,-0.6030376553535461,-0.6690666675567627,mp-20877,0.0001676606249993995,Stable,Stable
mp-568532,0.1998125314712524,0.3440959453582763,mp-568532,0.49728179210526413,Unstable,Unstable
mp-1019559,-3.242719888687134,-3.135038375854492,mp-1019559,5.945222222170088e-05,Stable,Stable
mp-1221680,-0.386948823928833,-0.4934914112091064,mp-1221680,0.05803331312499971,Stable,Stable
mp-769033,-1.9085339307785036,-1.5218721628189087,mp-769033,0.06682987087500081,Stable,Stable
mp-1193429,-0.2437156438827514,-0.242786169052124,mp-1193429,0.030883369999994414,Stable,Stable
mp-1033526,-1.928659439086914,-1.8191092014312744,mp-1033526,1.00065235875,Stable,Stable
mp-1105337,-2.9314827919006348,-2.7319016456604004,mp-1105337,0.0,Stable,Stable
mp-13589,0.0762280747294426,0.1892191171646118,mp-13589,0.35882387000000193,Unstable,Unstable
mp-1096043,1.9235024452209477,2.319518566131592,mp-1096043,2.1820644038958346,Unstable,Unstable
mp-29358,-1.972446322441101,-2.097253799438477,mp-29358,0.0,Stable,Stable
mp-714851,-1.314796805381775,-1.3034113645553589,mp-714851,0.0981821674999992,Stable,Stable
mp-1198385,-2.62668251991272,-2.496814012527466,mp-1198385,0.002760937866669977,Stable,Stable
mp-558445,-2.8446638584136963,-2.5889313220977783,mp-558445,0.010087268941342487,Stable,Stable
mp-849488,-2.424766540527344,-2.2957496643066406,mp-849488,0.0785928870454562,Stable,Stable
mp-1196847,-3.052041530609131,-2.86053466796875,mp-1196847,0.0,Stable,Stable
mp-1220077,-3.401257276535034,-3.156178474426269,mp-1220077,0.0,Stable,Stable
mp-1211317,-2.909348726272583,-2.6468520164489746,mp-1211317,0.026527069254385083,Stable,Stable
mp-27261,-0.488850474357605,-0.4258238077163696,mp-27261,0.0,Stable,Stable
mp-1222299,-1.078908920288086,-1.0390832424163818,mp-1222299,0.0,Stable,Stable
mp-781957,-2.4640228748321533,-2.3374171257019043,mp-781957,0.045388880760864225,Stable,Stable
mp-1207977,-2.2173640727996826,-2.0427727699279785,mp-1207977,0.0,Stable,Stable
mp-1024990,-0.6892545223236084,-0.7723765969276428,mp-1024990,0.0,Stable,Stable
mp-773117,-3.6265599727630615,-3.307680606842041,mp-773117,0.0,Stable,Stable
mp-11594,-0.6186925768852234,-0.5680031776428223,mp-11594,0.0,Stable,Stable
mp-1217992,-0.4856524765491485,-0.4221929311752319,mp-1217992,0.10818807600000468,Stable,Stable
mp-984553,-0.2244356274604797,-0.8450510501861572,mp-984553,1.7791229256666616,Stable,Stable
mp-1030985,-2.4126510620117188,-2.1026365756988525,mp-1030985,0.6501226095965507,Stable,Stable
mp-1105036,-0.4869687557220459,-0.454350471496582,mp-1105036,0.0,Stable,Stable
mp-1017491,0.2290879637002945,0.1522337198257446,mp-1017491,0.36649987789063054,Unstable,Unstable
mp-1188835,-2.428053617477417,-2.3644392490386963,mp-1188835,0.08904153645833368,Stable,Stable
mp-1215396,-0.5927299857139587,-0.6534603834152222,mp-1215396,0.0,Stable,Stable
mp-779341,-2.467561721801758,-2.3184218406677246,mp-779341,0.04184988880434304,Stable,Stable
mp-1229148,-3.0093343257904053,-2.8925528526306152,mp-1229148,0.010210675619047649,Stable,Stable
mp-1188251,-0.3300886154174804,-0.3313010931015014,mp-1188251,0.0,Stable,Stable
mp-3769,-0.8142960667610168,-0.7974604368209839,mp-3769,0.0,Stable,Stable
mp-557012,-2.9500632286071777,-2.807790756225586,mp-557012,0.0022469566666680763,Stable,Stable
mp-1026562,0.3591192364692688,0.2919435501098633,mp-1026562,0.3756103029418103,Unstable,Unstable
mp-560833,-2.058955669403076,-1.9600322246551516,mp-560833,0.012216022410706628,Stable,Stable
mp-1198141,-3.221294641494751,-2.940429449081421,mp-1198141,0.0,Stable,Stable
mp-1189775,-0.5649791955947876,-0.5696516036987305,mp-1189775,0.09232280758333467,Stable,Stable
mp-1018738,-0.6422573328018188,-0.6301034688949585,mp-1018738,0.0,Stable,Stable
mp-1203068,-0.5119982361793518,-0.5575491189956665,mp-1203068,0.08231826335648407,Stable,Stable
mp-19343,-2.3453898429870605,-2.0977208614349365,mp-19343,0.12115721743961316,Stable,Stable
mp-1196416,-3.205948829650879,-2.988652229309082,mp-1196416,0.073483933619789,Stable,Stable
mp-554759,-2.239459276199341,-2.126187324523926,mp-554759,0.12169879416666607,Stable,Stable
mp-1210908,-3.5254344940185547,-3.322326898574829,mp-1210908,0.002079945760872448,Stable,Stable
mp-1028392,0.2451342642307281,0.2786897420883178,mp-1028392,0.28232479531249943,Unstable,Unstable
mp-771303,-2.497733354568481,-2.394376039505005,mp-771303,0.08950337156250754,Stable,Stable
mp-1210986,-2.7447428703308105,-2.575606346130371,mp-1210986,0.0,Stable,Stable
mp-756840,-2.25453519821167,-2.1034858226776123,mp-756840,0.13147475041666823,Stable,Stable
mp-569072,-1.1439688205718994,-0.9468426704406738,mp-569072,0.004193981900194821,Stable,Stable
mp-1216422,-0.083802729845047,-0.0984340906143188,mp-1216422,0.0,Stable,Stable
mp-972309,-0.2454397231340408,-0.4843397140502929,mp-972309,1.1313573713888943,Stable,Stable
mp-15707,-0.6161463856697083,-0.5775874853134155,mp-15707,0.0,Stable,Stable
mp-768312,-2.3096299171447754,-2.140221118927002,mp-768312,0.040915714687500326,Stable,Stable
mp-4982,-0.7348071336746216,-0.7656168937683105,mp-4982,0.0,Stable,Stable
mp-1095228,-0.5474284887313843,-0.4706189632415771,mp-1095228,0.0,Stable,Stable
mp-768812,-2.4172048568725586,-2.3318774700164795,mp-768812,0.08023428805554289,Stable,Stable
mp-1002183,0.1045973822474479,-0.2804536819458008,mp-1002183,0.5208401765909088,Unstable,Stable
mp-530274,-0.0690904781222343,-0.0177763700485229,mp-530274,0.0,Stable,Stable
mp-1195691,-3.087406873703003,-2.944127559661865,mp-1195691,0.0,Stable,Stable
mp-1203384,-0.768920361995697,-0.7375696301460266,mp-1203384,0.23897623014799763,Stable,Stable
mp-1209645,-3.3655459880828857,-3.1882872581481934,mp-1209645,0.027927584404761063,Stable,Stable
mp-556165,-1.8317809104919436,-1.6586968898773191,mp-556165,0.10461658857143075,Stable,Stable
mp-12160,-2.8226211071014404,-2.660064220428467,mp-12160,0.0,Stable,Stable
mp-1020026,-2.858326911926269,-2.7220687866210938,mp-1020026,0.013394735416661696,Stable,Stable
mp-1183296,0.9857692122459412,0.92517352104187,mp-1183296,0.9857691827083315,Unstable,Unstable
mp-1228446,-0.2022816240787506,-0.0885002613067627,mp-1228446,0.0,Stable,Stable
mp-1196163,-0.1430449038743972,-0.2017048597335815,mp-1196163,0.10040620803571176,Stable,Stable
mp-1199009,-2.88244891166687,-2.720864772796631,mp-1199009,0.0,Stable,Stable
mp-1106103,0.3493004143238067,0.3075485229492187,mp-1106103,0.8457579106250002,Unstable,Unstable
mp-1201949,0.2461738735437393,0.3763995170593261,mp-1201949,0.32544114785564027,Unstable,Unstable
mp-779261,-2.790152311325073,-2.645054340362549,mp-779261,0.06668504755208993,Stable,Stable
mp-770910,-2.532832145690918,-2.3386213779449463,mp-770910,0.024560782916666746,Stable,Stable
mp-28629,-0.8277317881584167,-0.7828609943389893,mp-28629,0.0,Stable,Stable
mp-779332,-2.0615453720092773,-1.9226841926574707,mp-779332,0.0892329921296291,Stable,Stable
mp-1208862,-3.100581169128418,-2.9665818214416504,mp-1208862,0.0,Stable,Stable
mp-1095068,-0.2680943608283996,-0.3925340175628662,mp-1095068,0.18153872399999926,Stable,Stable
mp-760477,-3.42746901512146,-3.2663216590881348,mp-760477,0.060820527500000665,Stable,Stable
mp-1033199,-2.1915714740753174,-2.039165735244751,mp-1033199,0.6531553505468732,Stable,Stable
mp-4057,-3.211410522460937,-3.097063541412353,mp-4057,0.0,Stable,Stable
mp-616958,0.1900990754365921,0.0570288896560668,mp-616958,0.24709473238970592,Unstable,Unstable
mp-1019604,-2.2214620113372803,-2.0088436603546143,mp-1019604,0.0,Stable,Stable
mp-1213325,-2.3003292083740234,-2.2399392127990723,mp-1213325,0.03727818010416328,Stable,Stable
mp-1201177,-0.3354161083698272,-0.2551515102386474,mp-1201177,0.07666646925926202,Stable,Stable
mp-1102220,-0.4508529007434845,-0.3506141901016235,mp-1102220,0.0,Stable,Stable
mp-1030699,-2.3460841178894043,-2.295058250427246,mp-1030699,0.43885718034234333,Stable,Stable
mp-1192682,-0.1931557953357696,-0.2554984092712402,mp-1192682,0.3136419901373646,Stable,Stable
mp-1106404,-0.4306338429450989,-0.391065239906311,mp-1106404,0.0,Stable,Stable
mp-1238821,0.9588888883590698,0.7901453971862793,mp-1238821,0.9736054995833339,Unstable,Unstable
mp-756853,-2.219557762145996,-2.17562198638916,mp-756853,0.10447237597222436,Stable,Stable
mp-1060982,2.145653486251831,2.089439630508423,mp-1060982,2.1456535114511492,Unstable,Unstable
mp-27658,0.453416496515274,0.2940100431442261,mp-27658,0.6531392318518519,Unstable,Unstable
mp-27710,-0.2567988634109497,-0.0976395606994628,mp-27710,0.008563825999999608,Stable,Stable
mp-780419,-2.4734723567962646,-2.337533473968506,mp-780419,0.037841366785720254,Stable,Stable
mp-647283,-3.2751355171203613,-3.1131536960601807,mp-647283,0.042305357383320086,Stable,Stable
mp-560772,-3.01318359375,-2.874488592147827,mp-560772,0.002122580277784003,Stable,Stable
mp-1182660,-2.149202585220337,-2.1443567276000977,mp-1182660,0.3063120674074078,Stable,Stable
mp-1226217,-0.1918080449104309,-0.2783966064453125,mp-1226217,0.08203478416666599,Stable,Stable
mp-1228703,-0.6995956897735596,-0.5180938243865967,mp-1228703,0.0,Stable,Stable
mp-14344,-0.6510409712791443,-0.5925134420394897,mp-14344,0.0,Stable,Stable
mp-8631,-0.5565931797027588,-0.5536279678344727,mp-8631,0.0,Stable,Stable
mp-1201509,-1.7245999574661257,-1.3772780895233154,mp-1201509,0.0,Stable,Stable
mp-1228665,-0.0882113799452781,-0.0313019752502441,mp-1228665,0.13249513083333042,Stable,Stable
mp-753806,-2.226881980895996,-2.024181842803955,mp-753806,0.04801483816666874,Stable,Stable
mp-865177,0.3022670745849609,-0.5530600547790527,mp-865177,0.8499812808238714,Unstable,Stable
mp-1199652,-2.531132221221924,-2.32419490814209,mp-1199652,0.1826433575000026,Stable,Stable
mp-761209,-2.297492504119873,-2.1882052421569824,mp-761209,0.0388766505434921,Stable,Stable
mp-1201895,-0.4405195116996765,-0.381956934928894,mp-1201895,0.0013586714488624807,Stable,Stable
mp-9999,-0.4789776504039764,-0.4735761880874634,mp-9999,0.0,Stable,Stable
mp-557632,-2.343015432357788,-2.248130321502685,mp-557632,0.0,Stable,Stable
mp-1034910,-2.72021746635437,-2.5540637969970703,mp-1034910,0.330324008548291,Stable,Stable
mp-1020642,-3.337392091751098,-3.1728498935699463,mp-1020642,0.039512839007933565,Stable,Stable
mp-6794,-0.588499128818512,-0.5601949691772461,mp-6794,0.0,Stable,Stable
mp-1224328,-0.8922367095947266,-0.8549280166625977,mp-1224328,0.008264095000001248,Stable,Stable
mp-28001,-0.6319369077682495,-0.6264426708221436,mp-28001,0.020161249962960426,Stable,Stable
mp-7995,-3.212177276611328,-3.0051074028015137,mp-7995,0.0020026116964260154,Stable,Stable
mp-1026429,0.1639990210533142,0.1522760391235351,mp-1026429,0.24217190816406275,Unstable,Unstable
mp-5939,-0.3855673670768738,-0.4078402519226074,mp-5939,0.027026917499997083,Stable,Stable
mp-1228056,-0.3122908473014831,-0.2801300287246704,mp-1228056,0.009454336852214418,Stable,Stable
mp-11219,-0.7770810127258301,-0.5899622440338135,mp-11219,0.0,Stable,Stable
mp-1033319,-2.2226736545562744,-2.015075922012329,mp-1033319,0.6242465603124989,Stable,Stable
mp-632822,0.1471700221300125,-0.1002107858657836,mp-632822,0.3468927462962963,Unstable,Stable
mp-1202380,-0.3921668529510498,-0.3165938854217529,mp-1202380,0.0,Stable,Stable
mp-1176667,-2.420996904373169,-2.296135663986206,mp-1176667,0.08236245181818447,Stable,Stable
mp-1196038,-2.570561408996582,-2.457784414291382,mp-1196038,0.0,Stable,Stable
mp-1228631,-0.2918430268764496,-0.1501150131225586,mp-1228631,0.0,Stable,Stable
mp-1026874,0.1886241883039474,0.2096474170684814,mp-1026874,0.22391721906249984,Unstable,Unstable
mp-1008557,-1.1616812944412231,-1.0389047861099243,mp-1008557,0.3846442475000007,Stable,Stable
mp-1026491,0.3218728899955749,0.3685684204101562,mp-1026491,0.36683666640625034,Unstable,Unstable
mp-1184725,1.0553065538406372,0.898869514465332,mp-1184725,1.0553065914583328,Unstable,Unstable
mp-31046,-0.6112540364265442,-0.5168938636779785,mp-31046,0.0,Stable,Stable
mp-1220752,-0.6928282976150513,-0.5955991744995117,mp-1220752,0.004566036875001345,Stable,Stable
mp-1212375,-2.775825262069702,-2.579633474349976,mp-1212375,0.012493486697918499,Stable,Stable
mp-706910,-1.9965081214904783,-1.7711127996444702,mp-706910,0.028103962500000357,Stable,Stable
mp-1196968,-2.0390098094940186,-1.805997490882873,mp-1196968,0.0,Stable,Stable
